Obj,Rating,Sub,Block
SCENES37,NA,100,2
SCENES7,NA,100,2
SCENES20,NA,100,2
SCENES23,NA,100,2
SCENES44,NA,100,2
SCENES12,6,100,2
SCENES2,NA,100,2
SCENES25,NA,100,2
SCENES5,NA,100,2
SCENES1,NA,100,2
SCENES48,NA,100,2
SCENES18,1,100,2
SCENES43,3,100,1
SCENES46,7,100,1
SCENES41,NA,100,2
SCENES8,NA,100,2
SCENES11,NA,100,2
SCENES9,6,100,2
SCENES8,6,100,1
SCENES46,NA,100,2
SCENES40,NA,100,2
SCENES22,1,100,1
SCENES20,4,100,1
SCENES10,4,100,1
SCENES1,5,100,1
SCENES10,NA,100,2
SCENES22,NA,100,2
SCENES6,1,100,2
SCENES21,6,100,1
SCENES48,5,100,1
SCENES18,4,100,1
SCENES39,5,100,1
SCENES12,5,100,1
SCENES49,NA,100,2
SCENES40,7,100,1
SCENES14,6,100,1
SCENES49,3,100,1
SCENES7,5,100,1
SCENES37,7,100,1
SCENES26,NA,100,2
SCENES21,7,100,2
SCENES43,4,100,2
SCENES26,1,100,1
SCENES44,5,100,1
SCENES23,6,100,1
SCENES41,1,100,1
SCENES36,1,100,2
SCENES5,7,100,1
SCENES25,1,100,1
SCENES28,6,100,1
SCENES2,4,100,1
SCENES6,4,100,1
SCENES36,4,100,1
SCENES13,7,100,1
SCENES9,6,100,1
SCENES39,4,100,2
SCENES28,NA,100,2
SCENES13,NA,100,2
SCENES14,NA,100,2
SCENES11,1,100,1
SCENES8,NA,12,2
SCENES11,NA,12,2
SCENES43,4,12,2
SCENES46,NA,12,2
SCENES2,3,12,1
SCENES12,6,12,1
SCENES25,NA,12,2
SCENES2,NA,12,2
SCENES6,5,12,1
SCENES9,5,12,1
SCENES22,3,12,1
SCENES18,3,12,2
SCENES39,1,12,1
SCENES28,NA,12,2
SCENES44,NA,12,2
SCENES43,4,12,1
SCENES28,7,12,1
SCENES5,NA,12,2
SCENES10,7,12,1
SCENES5,7,12,1
SCENES49,NA,12,2
SCENES7,5,12,1
SCENES10,NA,12,2
SCENES14,NA,12,2
SCENES22,NA,12,2
SCENES13,NA,12,2
SCENES41,NA,12,2
SCENES18,3,12,1
SCENES11,4,12,1
SCENES13,6,12,1
SCENES40,NA,12,2
SCENES8,4,12,1
SCENES20,NA,12,2
SCENES23,NA,12,2
SCENES44,6,12,1
SCENES48,4,12,1
SCENES7,NA,12,2
SCENES36,4,12,2
SCENES36,2,12,1
SCENES39,2,12,2
SCENES37,NA,12,2
SCENES1,4,12,1
SCENES21,6,12,2
SCENES1,NA,12,2
SCENES14,7,12,1
SCENES48,NA,12,2
SCENES25,1,12,1
SCENES21,6,12,1
SCENES9,4,12,2
SCENES6,3,12,2
SCENES26,NA,12,2
SCENES41,3,12,1
SCENES49,3,12,1
SCENES23,3,12,1
SCENES46,6,12,1
SCENES26,3,12,1
SCENES40,5,12,1
SCENES37,6,12,1
SCENES12,4,12,2
SCENES20,4,12,1
SCENES44,1,128,1
SCENES48,7,128,1
SCENES46,7,128,1
SCENES12,7,128,1
SCENES41,NA,128,2
SCENES21,7,128,1
SCENES1,NA,128,2
SCENES48,NA,128,2
SCENES43,2,128,1
SCENES5,7,128,1
SCENES49,NA,128,2
SCENES43,1,128,2
SCENES6,1,128,2
SCENES14,7,128,1
SCENES1,5,128,1
SCENES49,7,128,1
SCENES7,3,128,1
SCENES10,7,128,1
SCENES41,7,128,1
SCENES13,7,128,1
SCENES25,5,128,1
SCENES12,7,128,2
SCENES18,2,128,1
SCENES39,1,128,1
SCENES11,1,128,1
SCENES2,NA,128,2
SCENES44,NA,128,2
SCENES2,5,128,1
SCENES14,NA,128,2
SCENES39,1,128,2
SCENES36,7,128,1
SCENES22,NA,128,2
SCENES20,7,128,1
SCENES37,NA,128,2
SCENES36,7,128,2
SCENES28,7,128,1
SCENES40,NA,128,2
SCENES9,7,128,1
SCENES20,NA,128,2
SCENES8,7,128,1
SCENES9,7,128,2
SCENES13,NA,128,2
SCENES22,1,128,1
SCENES5,NA,128,2
SCENES40,4,128,1
SCENES8,NA,128,2
SCENES37,5,128,1
SCENES7,NA,128,2
SCENES10,NA,128,2
SCENES25,NA,128,2
SCENES11,NA,128,2
SCENES23,7,128,1
SCENES46,NA,128,2
SCENES23,NA,128,2
SCENES21,4,128,2
SCENES26,NA,128,2
SCENES28,NA,128,2
SCENES6,1,128,1
SCENES18,1,128,2
SCENES26,1,128,1
SCENES20,NA,134,2
SCENES39,3,134,2
SCENES48,NA,134,2
SCENES11,NA,134,2
SCENES23,NA,134,2
SCENES49,NA,134,2
SCENES10,5,134,1
SCENES46,7,134,1
SCENES25,NA,134,2
SCENES36,3,134,2
SCENES39,2,134,1
SCENES48,5,134,1
SCENES12,5,134,2
SCENES8,4,134,1
SCENES40,NA,134,2
SCENES9,4,134,1
SCENES2,3,134,1
SCENES28,NA,134,2
SCENES10,NA,134,2
SCENES11,3,134,1
SCENES7,3,134,1
SCENES9,3,134,2
SCENES26,NA,134,2
SCENES14,NA,134,2
SCENES6,3,134,1
SCENES37,NA,134,2
SCENES5,NA,134,2
SCENES37,4,134,1
SCENES28,6,134,1
SCENES1,NA,134,2
SCENES25,3,134,1
SCENES23,4,134,1
SCENES2,NA,134,2
SCENES8,NA,134,2
SCENES13,NA,134,2
SCENES44,NA,134,2
SCENES5,5,134,1
SCENES36,3,134,1
SCENES14,5,134,1
SCENES41,3,134,1
SCENES21,6,134,1
SCENES43,3,134,1
SCENES1,5,134,1
SCENES18,4,134,1
SCENES22,3,134,1
SCENES13,5,134,1
SCENES40,5,134,1
SCENES44,6,134,1
SCENES12,5,134,1
SCENES18,3,134,2
SCENES41,NA,134,2
SCENES46,NA,134,2
SCENES43,3,134,2
SCENES6,3,134,2
SCENES21,6,134,2
SCENES7,NA,134,2
SCENES49,4,134,1
SCENES20,5,134,1
SCENES22,NA,134,2
SCENES26,3,134,1
SCENES14,NA,142,2
SCENES40,NA,142,2
SCENES21,6,142,2
SCENES12,5,142,1
SCENES5,6,142,1
SCENES9,6,142,1
SCENES21,6,142,1
SCENES37,NA,142,2
SCENES26,2,142,1
SCENES40,6,142,1
SCENES7,4,142,1
SCENES25,NA,142,2
SCENES36,3,142,1
SCENES26,NA,142,2
SCENES1,4,142,1
SCENES43,3,142,2
SCENES10,NA,142,2
SCENES22,NA,142,2
SCENES48,NA,142,2
SCENES6,3,142,1
SCENES18,2,142,2
SCENES23,3,142,1
SCENES20,NA,142,2
SCENES44,5,142,1
SCENES14,7,142,1
SCENES23,NA,142,2
SCENES43,2,142,1
SCENES41,NA,142,2
SCENES22,3,142,1
SCENES44,NA,142,2
SCENES48,2,142,1
SCENES18,1,142,1
SCENES6,2,142,2
SCENES2,2,142,1
SCENES8,5,142,1
SCENES39,3,142,1
SCENES46,6,142,1
SCENES49,3,142,1
SCENES10,7,142,1
SCENES25,2,142,1
SCENES2,NA,142,2
SCENES11,4,142,1
SCENES36,3,142,2
SCENES7,NA,142,2
SCENES1,NA,142,2
SCENES20,3,142,1
SCENES11,NA,142,2
SCENES28,NA,142,2
SCENES46,NA,142,2
SCENES41,2,142,1
SCENES28,6,142,1
SCENES8,NA,142,2
SCENES39,2,142,2
SCENES5,NA,142,2
SCENES12,5,142,2
SCENES13,5,142,1
SCENES37,6,142,1
SCENES13,NA,142,2
SCENES49,NA,142,2
SCENES9,7,142,2
SCENES7,NA,165,2
SCENES20,4,165,1
SCENES10,5,165,1
SCENES36,2,165,1
SCENES21,4,165,2
SCENES39,2,165,1
SCENES2,NA,165,2
SCENES49,2,165,1
SCENES44,3,165,1
SCENES5,5,165,1
SCENES6,3,165,1
SCENES14,NA,165,2
SCENES22,2,165,1
SCENES28,NA,165,2
SCENES48,3,165,1
SCENES9,3,165,2
SCENES20,NA,165,2
SCENES43,2,165,1
SCENES18,2,165,2
SCENES23,2,165,1
SCENES13,NA,165,2
SCENES43,2,165,2
SCENES49,NA,165,2
SCENES7,3,165,1
SCENES10,NA,165,2
SCENES44,NA,165,2
SCENES13,4,165,1
SCENES9,4,165,1
SCENES1,NA,165,2
SCENES23,NA,165,2
SCENES12,6,165,1
SCENES21,4,165,1
SCENES48,NA,165,2
SCENES25,NA,165,2
SCENES22,NA,165,2
SCENES41,2,165,1
SCENES18,2,165,1
SCENES37,NA,165,2
SCENES40,3,165,1
SCENES25,1,165,1
SCENES36,2,165,2
SCENES12,6,165,2
SCENES1,4,165,1
SCENES46,6,165,1
SCENES40,NA,165,2
SCENES11,NA,165,2
SCENES46,NA,165,2
SCENES11,2,165,1
SCENES39,2,165,2
SCENES5,NA,165,2
SCENES8,4,165,1
SCENES14,5,165,1
SCENES2,3,165,1
SCENES26,NA,165,2
SCENES28,6,165,1
SCENES8,NA,165,2
SCENES6,2,165,2
SCENES41,NA,165,2
SCENES26,2,165,1
SCENES37,4,165,1
SCENES8,NA,192,2
SCENES40,7,192,1
SCENES46,NA,192,2
SCENES12,6,192,2
SCENES43,6,192,2
SCENES6,1,192,1
SCENES5,NA,192,2
SCENES46,7,192,1
SCENES22,NA,192,2
SCENES41,NA,192,2
SCENES39,3,192,2
SCENES18,4,192,1
SCENES23,3,192,1
SCENES1,NA,192,2
SCENES20,2,192,1
SCENES28,7,192,1
SCENES8,2,192,1
SCENES20,NA,192,2
SCENES41,2,192,1
SCENES7,3,192,1
SCENES44,7,192,1
SCENES5,6,192,1
SCENES49,NA,192,2
SCENES6,1,192,2
SCENES7,NA,192,2
SCENES1,2,192,1
SCENES25,1,192,1
SCENES28,NA,192,2
SCENES9,3,192,1
SCENES9,3,192,2
SCENES40,NA,192,2
SCENES21,7,192,1
SCENES36,6,192,2
SCENES39,2,192,1
SCENES37,7,192,1
SCENES18,3,192,2
SCENES11,NA,192,2
SCENES2,NA,192,2
SCENES23,NA,192,2
SCENES12,6,192,1
SCENES43,6,192,1
SCENES25,NA,192,2
SCENES49,2,192,1
SCENES37,NA,192,2
SCENES48,NA,192,2
SCENES13,6,192,1
SCENES10,NA,192,2
SCENES26,NA,192,2
SCENES21,7,192,2
SCENES13,NA,192,2
SCENES48,2,192,1
SCENES10,3,192,1
SCENES14,NA,192,2
SCENES44,NA,192,2
SCENES22,3,192,1
SCENES11,2,192,1
SCENES14,7,192,1
SCENES36,3,192,1
SCENES2,2,192,1
SCENES26,2,192,1
SCENES9,4,198,2
SCENES49,4,198,1
SCENES7,NA,198,2
SCENES22,NA,198,2
SCENES28,NA,198,2
SCENES49,NA,198,2
SCENES8,4,198,1
SCENES10,NA,198,2
SCENES23,4,198,1
SCENES21,5,198,2
SCENES25,4,198,1
SCENES43,4,198,2
SCENES8,NA,198,2
SCENES9,4,198,1
SCENES37,NA,198,2
SCENES6,3,198,2
SCENES36,3,198,2
SCENES10,3,198,1
SCENES25,NA,198,2
SCENES5,NA,198,2
SCENES48,NA,198,2
SCENES14,5,198,1
SCENES23,NA,198,2
SCENES20,NA,198,2
SCENES21,5,198,1
SCENES41,NA,198,2
SCENES7,3,198,1
SCENES39,4,198,2
SCENES43,4,198,1
SCENES46,6,198,1
SCENES40,NA,198,2
SCENES26,NA,198,2
SCENES12,5,198,1
SCENES44,6,198,1
SCENES20,4,198,1
SCENES39,3,198,1
SCENES28,5,198,1
SCENES37,5,198,1
SCENES13,NA,198,2
SCENES44,NA,198,2
SCENES13,5,198,1
SCENES18,4,198,2
SCENES1,NA,198,2
SCENES1,5,198,1
SCENES6,3,198,1
SCENES18,4,198,1
SCENES2,NA,198,2
SCENES5,5,198,1
SCENES2,5,198,1
SCENES41,3,198,1
SCENES48,4,198,1
SCENES11,4,198,1
SCENES40,5,198,1
SCENES26,3,198,1
SCENES36,3,198,1
SCENES22,4,198,1
SCENES11,NA,198,2
SCENES46,NA,198,2
SCENES12,5,198,2
SCENES14,NA,198,2
SCENES22,1,214,1
SCENES6,1,214,1
SCENES5,NA,214,2
SCENES37,NA,214,2
SCENES40,4,214,1
SCENES8,NA,214,2
SCENES37,4,214,1
SCENES26,1,214,1
SCENES21,2,214,2
SCENES2,NA,214,2
SCENES10,2,214,1
SCENES26,NA,214,2
SCENES43,1,214,2
SCENES36,1,214,1
SCENES28,3,214,1
SCENES44,2,214,1
SCENES10,NA,214,2
SCENES13,2,214,1
SCENES14,NA,214,2
SCENES1,NA,214,2
SCENES40,NA,214,2
SCENES49,1,214,1
SCENES20,1,214,1
SCENES12,3,214,2
SCENES8,4,214,1
SCENES11,NA,214,2
SCENES36,1,214,2
SCENES28,NA,214,2
SCENES44,NA,214,2
SCENES12,3,214,1
SCENES43,1,214,1
SCENES39,1,214,1
SCENES49,NA,214,2
SCENES18,1,214,2
SCENES48,1,214,1
SCENES7,1,214,1
SCENES1,1,214,1
SCENES25,1,214,1
SCENES46,NA,214,2
SCENES41,1,214,1
SCENES9,4,214,1
SCENES20,NA,214,2
SCENES23,1,214,1
SCENES39,1,214,2
SCENES22,NA,214,2
SCENES5,4,214,1
SCENES13,NA,214,2
SCENES14,3,214,1
SCENES25,NA,214,2
SCENES41,NA,214,2
SCENES21,2,214,1
SCENES2,1,214,1
SCENES23,NA,214,2
SCENES9,3,214,2
SCENES18,1,214,1
SCENES6,1,214,2
SCENES48,NA,214,2
SCENES11,1,214,1
SCENES46,4,214,1
SCENES7,NA,214,2
SCENES20,3,216,1
SCENES5,7,216,1
SCENES49,NA,216,2
SCENES10,NA,216,2
SCENES13,7,216,1
SCENES12,7,216,2
SCENES14,NA,216,2
SCENES21,7,216,1
SCENES1,NA,216,2
SCENES49,2,216,1
SCENES8,6,216,1
SCENES37,NA,216,2
SCENES6,1,216,1
SCENES36,3,216,2
SCENES7,NA,216,2
SCENES25,NA,216,2
SCENES21,6,216,2
SCENES12,7,216,1
SCENES8,NA,216,2
SCENES18,2,216,2
SCENES6,2,216,2
SCENES46,7,216,1
SCENES43,4,216,2
SCENES28,NA,216,2
SCENES44,NA,216,2
SCENES20,NA,216,2
SCENES5,NA,216,2
SCENES14,7,216,1
SCENES9,5,216,1
SCENES23,3,216,1
SCENES40,5,216,1
SCENES48,NA,216,2
SCENES7,4,216,1
SCENES2,NA,216,2
SCENES26,1,216,1
SCENES26,NA,216,2
SCENES36,3,216,1
SCENES1,6,216,1
SCENES11,2,216,1
SCENES28,7,216,1
SCENES13,NA,216,2
SCENES40,NA,216,2
SCENES37,6,216,1
SCENES2,2,216,1
SCENES39,3,216,2
SCENES9,6,216,2
SCENES11,NA,216,2
SCENES23,NA,216,2
SCENES25,1,216,1
SCENES43,3,216,1
SCENES41,NA,216,2
SCENES44,6,216,1
SCENES41,3,216,1
SCENES39,2,216,1
SCENES18,1,216,1
SCENES22,1,216,1
SCENES46,NA,216,2
SCENES22,NA,216,2
SCENES48,4,216,1
SCENES10,6,216,1
SCENES49,5,230,1
SCENES12,7,230,2
SCENES21,6,230,2
SCENES36,4,230,1
SCENES18,3,230,2
SCENES10,NA,230,2
SCENES9,6,230,2
SCENES14,7,230,1
SCENES2,2,230,1
SCENES44,5,230,1
SCENES36,4,230,2
SCENES40,NA,230,2
SCENES46,NA,230,2
SCENES7,4,230,1
SCENES9,6,230,1
SCENES28,NA,230,2
SCENES40,6,230,1
SCENES22,2,230,1
SCENES5,6,230,1
SCENES44,NA,230,2
SCENES14,NA,230,2
SCENES22,NA,230,2
SCENES8,NA,230,2
SCENES2,NA,230,2
SCENES28,7,230,1
SCENES39,2,230,1
SCENES20,4,230,1
SCENES39,3,230,2
SCENES48,NA,230,2
SCENES37,NA,230,2
SCENES21,6,230,1
SCENES23,4,230,1
SCENES46,6,230,1
SCENES43,5,230,2
SCENES13,NA,230,2
SCENES8,7,230,1
SCENES5,NA,230,2
SCENES12,6,230,1
SCENES41,NA,230,2
SCENES41,4,230,1
SCENES43,5,230,1
SCENES11,NA,230,2
SCENES25,NA,230,2
SCENES25,2,230,1
SCENES1,NA,230,2
SCENES20,NA,230,2
SCENES13,6,230,1
SCENES6,2,230,2
SCENES1,6,230,1
SCENES49,NA,230,2
SCENES37,6,230,1
SCENES18,3,230,1
SCENES10,5,230,1
SCENES11,4,230,1
SCENES23,NA,230,2
SCENES7,NA,230,2
SCENES6,2,230,1
SCENES26,1,230,1
SCENES48,4,230,1
SCENES26,NA,230,2
SCENES5,6,237,1
SCENES9,6,237,2
SCENES6,2,237,1
SCENES18,2,237,1
SCENES28,6,237,1
SCENES43,4,237,2
SCENES28,NA,237,2
SCENES48,2,237,1
SCENES26,NA,237,2
SCENES36,3,237,2
SCENES44,4,237,1
SCENES11,3,237,1
SCENES6,2,237,2
SCENES12,5,237,1
SCENES1,NA,237,2
SCENES9,6,237,1
SCENES39,2,237,2
SCENES2,NA,237,2
SCENES13,NA,237,2
SCENES25,3,237,1
SCENES20,NA,237,2
SCENES41,NA,237,2
SCENES12,4,237,2
SCENES14,7,237,1
SCENES37,NA,237,2
SCENES10,NA,237,2
SCENES46,NA,237,2
SCENES49,NA,237,2
SCENES25,NA,237,2
SCENES26,1,237,1
SCENES39,2,237,1
SCENES13,4,237,1
SCENES8,5,237,1
SCENES22,3,237,1
SCENES11,NA,237,2
SCENES22,NA,237,2
SCENES21,4,237,2
SCENES23,5,237,1
SCENES7,NA,237,2
SCENES44,NA,237,2
SCENES5,NA,237,2
SCENES10,5,237,1
SCENES46,6,237,1
SCENES21,5,237,1
SCENES14,NA,237,2
SCENES49,3,237,1
SCENES40,4,237,1
SCENES7,3,237,1
SCENES41,4,237,1
SCENES2,2,237,1
SCENES1,4,237,1
SCENES37,4,237,1
SCENES18,2,237,2
SCENES20,4,237,1
SCENES40,NA,237,2
SCENES36,3,237,1
SCENES48,NA,237,2
SCENES8,NA,237,2
SCENES23,NA,237,2
SCENES43,4,237,1
SCENES48,3,241,1
SCENES1,5,241,1
SCENES18,3,241,1
SCENES5,NA,241,2
SCENES37,5,241,1
SCENES21,5,241,2
SCENES40,7,241,1
SCENES43,3,241,2
SCENES36,5,241,2
SCENES1,NA,241,2
SCENES9,4,241,2
SCENES13,NA,241,2
SCENES40,NA,241,2
SCENES49,NA,241,2
SCENES9,5,241,1
SCENES21,5,241,1
SCENES6,3,241,1
SCENES46,NA,241,2
SCENES13,5,241,1
SCENES8,6,241,1
SCENES10,NA,241,2
SCENES39,3,241,2
SCENES7,NA,241,2
SCENES37,NA,241,2
SCENES11,NA,241,2
SCENES14,6,241,1
SCENES41,5,241,1
SCENES44,NA,241,2
SCENES28,NA,241,2
SCENES23,NA,241,2
SCENES2,NA,241,2
SCENES46,7,241,1
SCENES12,4,241,2
SCENES20,NA,241,2
SCENES25,NA,241,2
SCENES49,3,241,1
SCENES12,3,241,1
SCENES36,4,241,1
SCENES39,3,241,1
SCENES14,NA,241,2
SCENES23,3,241,1
SCENES26,NA,241,2
SCENES18,4,241,2
SCENES11,3,241,1
SCENES10,6,241,1
SCENES25,3,241,1
SCENES44,6,241,1
SCENES6,3,241,2
SCENES22,2,241,1
SCENES5,6,241,1
SCENES26,1,241,1
SCENES43,4,241,1
SCENES41,NA,241,2
SCENES28,7,241,1
SCENES7,4,241,1
SCENES22,NA,241,2
SCENES8,NA,241,2
SCENES2,3,241,1
SCENES20,2,241,1
SCENES48,NA,241,2
SCENES22,3,248,1
SCENES21,5,248,1
SCENES26,NA,248,2
SCENES9,5,248,1
SCENES22,NA,248,2
SCENES5,NA,248,2
SCENES49,3,248,1
SCENES46,NA,248,2
SCENES7,NA,248,2
SCENES41,2,248,1
SCENES9,5,248,2
SCENES37,5,248,1
SCENES49,NA,248,2
SCENES26,3,248,1
SCENES10,6,248,1
SCENES14,NA,248,2
SCENES6,2,248,2
SCENES12,6,248,2
SCENES1,NA,248,2
SCENES48,NA,248,2
SCENES25,2,248,1
SCENES39,2,248,1
SCENES46,6,248,1
SCENES20,NA,248,2
SCENES43,1,248,2
SCENES37,NA,248,2
SCENES39,1,248,2
SCENES18,2,248,1
SCENES44,NA,248,2
SCENES8,5,248,1
SCENES36,2,248,2
SCENES11,NA,248,2
SCENES2,NA,248,2
SCENES13,NA,248,2
SCENES25,NA,248,2
SCENES14,5,248,1
SCENES18,2,248,2
SCENES40,6,248,1
SCENES40,NA,248,2
SCENES6,3,248,1
SCENES28,NA,248,2
SCENES23,3,248,1
SCENES20,3,248,1
SCENES2,4,248,1
SCENES36,2,248,1
SCENES7,5,248,1
SCENES21,5,248,2
SCENES8,NA,248,2
SCENES12,6,248,1
SCENES44,5,248,1
SCENES11,2,248,1
SCENES1,3,248,1
SCENES43,2,248,1
SCENES23,NA,248,2
SCENES41,NA,248,2
SCENES48,3,248,1
SCENES5,6,248,1
SCENES10,NA,248,2
SCENES28,5,248,1
SCENES13,5,248,1
SCENES25,3,277,1
SCENES2,4,277,1
SCENES21,6,277,1
SCENES12,6,277,1
SCENES2,NA,277,2
SCENES8,NA,277,2
SCENES9,6,277,2
SCENES22,4,277,1
SCENES37,5,277,1
SCENES44,5,277,1
SCENES20,NA,277,2
SCENES11,NA,277,2
SCENES14,NA,277,2
SCENES43,3,277,2
SCENES48,4,277,1
SCENES26,3,277,1
SCENES46,6,277,1
SCENES13,6,277,1
SCENES7,NA,277,2
SCENES5,NA,277,2
SCENES9,5,277,1
SCENES28,6,277,1
SCENES23,NA,277,2
SCENES6,3,277,2
SCENES40,6,277,1
SCENES41,3,277,1
SCENES49,3,277,1
SCENES1,NA,277,2
SCENES25,NA,277,2
SCENES7,4,277,1
SCENES5,5,277,1
SCENES1,5,277,1
SCENES14,6,277,1
SCENES22,NA,277,2
SCENES28,NA,277,2
SCENES43,3,277,1
SCENES18,3,277,1
SCENES21,6,277,2
SCENES12,6,277,2
SCENES23,4,277,1
SCENES36,3,277,2
SCENES11,4,277,1
SCENES49,NA,277,2
SCENES10,6,277,1
SCENES18,3,277,2
SCENES13,NA,277,2
SCENES39,2,277,2
SCENES8,5,277,1
SCENES20,6,277,1
SCENES26,NA,277,2
SCENES46,NA,277,2
SCENES36,2,277,1
SCENES37,NA,277,2
SCENES41,NA,277,2
SCENES40,NA,277,2
SCENES39,2,277,1
SCENES44,NA,277,2
SCENES10,NA,277,2
SCENES48,NA,277,2
SCENES6,3,277,1
SCENES25,1,290,1
SCENES41,2,290,1
SCENES21,5,290,1
SCENES43,3,290,1
SCENES22,2,290,1
SCENES14,5,290,1
SCENES11,4,290,1
SCENES18,3,290,2
SCENES6,3,290,2
SCENES12,5,290,2
SCENES13,NA,290,2
SCENES36,5,290,1
SCENES13,5,290,1
SCENES18,3,290,1
SCENES9,5,290,2
SCENES23,4,290,1
SCENES26,1,290,1
SCENES43,3,290,2
SCENES23,NA,290,2
SCENES2,2,290,1
SCENES49,4,290,1
SCENES48,5,290,1
SCENES2,NA,290,2
SCENES9,4,290,1
SCENES36,4,290,2
SCENES44,NA,290,2
SCENES8,4,290,1
SCENES1,3,290,1
SCENES46,NA,290,2
SCENES5,5,290,1
SCENES44,5,290,1
SCENES46,6,290,1
SCENES6,3,290,1
SCENES40,5,290,1
SCENES40,NA,290,2
SCENES25,NA,290,2
SCENES7,5,290,1
SCENES48,NA,290,2
SCENES37,NA,290,2
SCENES20,NA,290,2
SCENES11,NA,290,2
SCENES21,3,290,2
SCENES12,5,290,1
SCENES8,NA,290,2
SCENES20,5,290,1
SCENES28,5,290,1
SCENES1,NA,290,2
SCENES39,3,290,2
SCENES28,NA,290,2
SCENES49,NA,290,2
SCENES10,6,290,1
SCENES39,3,290,1
SCENES37,5,290,1
SCENES41,NA,290,2
SCENES5,NA,290,2
SCENES14,NA,290,2
SCENES7,NA,290,2
SCENES22,NA,290,2
SCENES26,NA,290,2
SCENES10,NA,290,2
SCENES36,4,303,2
SCENES28,NA,303,2
SCENES46,NA,303,2
SCENES7,7,303,1
SCENES7,NA,303,2
SCENES8,7,303,1
SCENES13,NA,303,2
SCENES22,3,303,1
SCENES40,NA,303,2
SCENES9,7,303,1
SCENES20,NA,303,2
SCENES37,NA,303,2
SCENES28,7,303,1
SCENES21,7,303,2
SCENES1,NA,303,2
SCENES26,NA,303,2
SCENES26,1,303,1
SCENES48,5,303,1
SCENES48,NA,303,2
SCENES44,7,303,1
SCENES9,6,303,2
SCENES22,NA,303,2
SCENES43,6,303,1
SCENES11,3,303,1
SCENES37,7,303,1
SCENES23,4,303,1
SCENES1,5,303,1
SCENES36,4,303,1
SCENES40,7,303,1
SCENES18,3,303,2
SCENES43,6,303,2
SCENES49,NA,303,2
SCENES14,7,303,1
SCENES20,4,303,1
SCENES46,7,303,1
SCENES25,NA,303,2
SCENES11,NA,303,2
SCENES13,7,303,1
SCENES10,7,303,1
SCENES14,NA,303,2
SCENES25,1,303,1
SCENES18,4,303,1
SCENES5,NA,303,2
SCENES23,NA,303,2
SCENES2,NA,303,2
SCENES5,6,303,1
SCENES6,1,303,2
SCENES12,7,303,2
SCENES21,7,303,1
SCENES49,4,303,1
SCENES10,NA,303,2
SCENES2,2,303,1
SCENES41,NA,303,2
SCENES39,4,303,1
SCENES39,4,303,2
SCENES12,7,303,1
SCENES41,3,303,1
SCENES8,NA,303,2
SCENES6,1,303,1
SCENES44,NA,303,2
SCENES13,NA,307,2
SCENES1,6,307,1
SCENES25,1,307,1
SCENES36,2,307,2
SCENES18,2,307,1
SCENES6,3,307,2
SCENES2,NA,307,2
SCENES44,NA,307,2
SCENES8,4,307,1
SCENES8,NA,307,2
SCENES22,2,307,1
SCENES43,2,307,1
SCENES10,NA,307,2
SCENES9,3,307,1
SCENES39,2,307,2
SCENES6,4,307,1
SCENES7,NA,307,2
SCENES37,7,307,1
SCENES14,6,307,1
SCENES1,NA,307,2
SCENES5,NA,307,2
SCENES25,NA,307,2
SCENES11,1,307,1
SCENES21,7,307,1
SCENES14,NA,307,2
SCENES40,NA,307,2
SCENES48,2,307,1
SCENES13,7,307,1
SCENES40,7,307,1
SCENES46,NA,307,2
SCENES46,5,307,1
SCENES7,4,307,1
SCENES41,2,307,1
SCENES2,3,307,1
SCENES9,2,307,2
SCENES28,6,307,1
SCENES12,6,307,2
SCENES44,6,307,1
SCENES18,2,307,2
SCENES37,NA,307,2
SCENES10,7,307,1
SCENES23,2,307,1
SCENES21,7,307,2
SCENES43,2,307,2
SCENES20,NA,307,2
SCENES49,2,307,1
SCENES48,NA,307,2
SCENES41,NA,307,2
SCENES26,4,307,1
SCENES20,2,307,1
SCENES5,3,307,1
SCENES36,2,307,1
SCENES22,NA,307,2
SCENES49,NA,307,2
SCENES12,5,307,1
SCENES28,NA,307,2
SCENES11,NA,307,2
SCENES23,NA,307,2
SCENES26,NA,307,2
SCENES39,2,307,1
SCENES2,NA,322,2
SCENES6,1,322,2
SCENES41,1,322,1
SCENES26,NA,322,2
SCENES9,6,322,1
SCENES46,7,322,1
SCENES22,1,322,1
SCENES44,6,322,1
SCENES25,1,322,1
SCENES14,6,322,1
SCENES43,2,322,1
SCENES49,2,322,1
SCENES22,NA,322,2
SCENES23,2,322,1
SCENES20,2,322,1
SCENES40,NA,322,2
SCENES8,6,322,1
SCENES8,NA,322,2
SCENES39,1,322,2
SCENES11,1,322,1
SCENES7,6,322,1
SCENES23,NA,322,2
SCENES49,NA,322,2
SCENES48,NA,322,2
SCENES36,1,322,2
SCENES48,1,322,1
SCENES43,2,322,2
SCENES13,7,322,1
SCENES6,1,322,1
SCENES18,1,322,1
SCENES44,NA,322,2
SCENES20,NA,322,2
SCENES5,NA,322,2
SCENES14,NA,322,2
SCENES7,NA,322,2
SCENES28,7,322,1
SCENES26,1,322,1
SCENES37,6,322,1
SCENES21,6,322,1
SCENES1,6,322,1
SCENES37,NA,322,2
SCENES1,NA,322,2
SCENES2,1,322,1
SCENES41,NA,322,2
SCENES9,6,322,2
SCENES28,NA,322,2
SCENES46,NA,322,2
SCENES18,1,322,2
SCENES11,NA,322,2
SCENES36,1,322,1
SCENES12,7,322,1
SCENES40,6,322,1
SCENES13,NA,322,2
SCENES25,NA,322,2
SCENES10,6,322,1
SCENES12,7,322,2
SCENES5,6,322,1
SCENES39,1,322,1
SCENES21,6,322,2
SCENES10,NA,322,2
SCENES7,7,335,1
SCENES14,7,335,1
SCENES36,4,335,1
SCENES43,3,335,1
SCENES5,7,335,1
SCENES44,NA,335,2
SCENES22,NA,335,2
SCENES41,NA,335,2
SCENES7,NA,335,2
SCENES11,3,335,1
SCENES13,7,335,1
SCENES39,3,335,1
SCENES25,3,335,1
SCENES26,3,335,1
SCENES10,NA,335,2
SCENES14,NA,335,2
SCENES6,3,335,1
SCENES49,3,335,1
SCENES10,7,335,1
SCENES20,3,335,1
SCENES11,NA,335,2
SCENES41,3,335,1
SCENES40,7,335,1
SCENES12,7,335,1
SCENES18,3,335,1
SCENES26,NA,335,2
SCENES9,7,335,1
SCENES2,3,335,1
SCENES25,NA,335,2
SCENES48,NA,335,2
SCENES46,7,335,1
SCENES6,3,335,2
SCENES8,7,335,1
SCENES40,NA,335,2
SCENES9,7,335,2
SCENES2,NA,335,2
SCENES36,4,335,2
SCENES1,NA,335,2
SCENES23,NA,335,2
SCENES1,5,335,1
SCENES39,3,335,2
SCENES13,NA,335,2
SCENES37,NA,335,2
SCENES21,7,335,1
SCENES23,3,335,1
SCENES12,7,335,2
SCENES48,4,335,1
SCENES37,7,335,1
SCENES46,NA,335,2
SCENES49,NA,335,2
SCENES20,NA,335,2
SCENES28,NA,335,2
SCENES8,NA,335,2
SCENES28,7,335,1
SCENES21,7,335,2
SCENES43,3,335,2
SCENES22,3,335,1
SCENES5,NA,335,2
SCENES44,7,335,1
SCENES18,3,335,2
SCENES46,NA,338,2
SCENES39,2,338,1
SCENES40,NA,338,2
SCENES2,3,338,1
SCENES5,NA,338,2
SCENES28,NA,338,2
SCENES23,3,338,1
SCENES20,NA,338,2
SCENES49,NA,338,2
SCENES1,5,338,1
SCENES1,NA,338,2
SCENES22,1,338,1
SCENES46,7,338,1
SCENES2,NA,338,2
SCENES11,NA,338,2
SCENES18,1,338,2
SCENES11,3,338,1
SCENES28,5,338,1
SCENES14,6,338,1
SCENES5,3,338,1
SCENES25,NA,338,2
SCENES20,5,338,1
SCENES8,NA,338,2
SCENES41,NA,338,2
SCENES36,1,338,1
SCENES23,NA,338,2
SCENES13,6,338,1
SCENES44,NA,338,2
SCENES21,6,338,2
SCENES14,NA,338,2
SCENES12,6,338,2
SCENES9,4,338,2
SCENES26,1,338,1
SCENES25,1,338,1
SCENES49,3,338,1
SCENES37,NA,338,2
SCENES22,NA,338,2
SCENES6,2,338,2
SCENES18,1,338,1
SCENES37,5,338,1
SCENES8,5,338,1
SCENES12,6,338,1
SCENES10,NA,338,2
SCENES36,1,338,2
SCENES26,NA,338,2
SCENES40,3,338,1
SCENES41,2,338,1
SCENES39,2,338,2
SCENES43,2,338,2
SCENES10,5,338,1
SCENES13,NA,338,2
SCENES44,3,338,1
SCENES48,3,338,1
SCENES21,6,338,1
SCENES6,2,338,1
SCENES48,NA,338,2
SCENES43,3,338,1
SCENES9,5,338,1
SCENES7,3,338,1
SCENES7,NA,338,2
SCENES40,6,358,1
SCENES6,3,358,1
SCENES7,NA,358,2
SCENES12,6,358,2
SCENES43,4,358,2
SCENES36,3,358,2
SCENES28,NA,358,2
SCENES20,NA,358,2
SCENES1,NA,358,2
SCENES5,7,358,1
SCENES25,NA,358,2
SCENES7,4,358,1
SCENES6,4,358,2
SCENES2,NA,358,2
SCENES37,6,358,1
SCENES11,4,358,1
SCENES9,6,358,1
SCENES49,NA,358,2
SCENES12,6,358,1
SCENES10,NA,358,2
SCENES22,2,358,1
SCENES41,NA,358,2
SCENES20,5,358,1
SCENES2,2,358,1
SCENES48,4,358,1
SCENES46,7,358,1
SCENES22,NA,358,2
SCENES37,NA,358,2
SCENES8,NA,358,2
SCENES18,3,358,1
SCENES8,6,358,1
SCENES1,7,358,1
SCENES13,7,358,1
SCENES9,6,358,2
SCENES28,7,358,1
SCENES25,2,358,1
SCENES43,3,358,1
SCENES14,NA,358,2
SCENES26,NA,358,2
SCENES46,NA,358,2
SCENES44,3,358,1
SCENES21,5,358,2
SCENES39,2,358,1
SCENES36,3,358,1
SCENES21,6,358,1
SCENES39,3,358,2
SCENES23,4,358,1
SCENES11,NA,358,2
SCENES40,NA,358,2
SCENES23,NA,358,2
SCENES5,NA,358,2
SCENES44,NA,358,2
SCENES18,3,358,2
SCENES48,NA,358,2
SCENES13,NA,358,2
SCENES10,5,358,1
SCENES26,2,358,1
SCENES14,6,358,1
SCENES41,2,358,1
SCENES49,2,358,1
SCENES7,NA,366,2
SCENES13,NA,366,2
SCENES22,1,366,1
SCENES41,NA,366,2
SCENES8,NA,366,2
SCENES6,1,366,1
SCENES12,6,366,1
SCENES6,1,366,2
SCENES39,1,366,1
SCENES46,NA,366,2
SCENES22,NA,366,2
SCENES20,4,366,1
SCENES1,NA,366,2
SCENES44,3,366,1
SCENES46,6,366,1
SCENES20,NA,366,2
SCENES12,6,366,2
SCENES41,6,366,1
SCENES49,2,366,1
SCENES37,NA,366,2
SCENES2,1,366,1
SCENES10,7,366,1
SCENES43,3,366,2
SCENES18,2,366,1
SCENES39,1,366,2
SCENES10,NA,366,2
SCENES28,7,366,1
SCENES11,2,366,1
SCENES1,2,366,1
SCENES14,NA,366,2
SCENES5,6,366,1
SCENES9,2,366,2
SCENES21,3,366,1
SCENES11,NA,366,2
SCENES49,NA,366,2
SCENES28,NA,366,2
SCENES48,2,366,1
SCENES48,NA,366,2
SCENES37,4,366,1
SCENES40,5,366,1
SCENES43,4,366,1
SCENES26,NA,366,2
SCENES23,3,366,1
SCENES7,4,366,1
SCENES26,1,366,1
SCENES40,NA,366,2
SCENES25,NA,366,2
SCENES44,NA,366,2
SCENES36,2,366,2
SCENES23,NA,366,2
SCENES36,3,366,1
SCENES13,5,366,1
SCENES9,3,366,1
SCENES2,NA,366,2
SCENES5,NA,366,2
SCENES18,2,366,2
SCENES21,2,366,2
SCENES8,5,366,1
SCENES25,2,366,1
SCENES14,7,366,1
SCENES6,2,370,1
SCENES41,NA,370,2
SCENES5,NA,370,2
SCENES39,3,370,1
SCENES22,NA,370,2
SCENES12,5,370,1
SCENES10,NA,370,2
SCENES1,NA,370,2
SCENES36,2,370,1
SCENES37,NA,370,2
SCENES40,NA,370,2
SCENES5,4,370,1
SCENES28,NA,370,2
SCENES11,3,370,1
SCENES23,4,370,1
SCENES48,NA,370,2
SCENES49,NA,370,2
SCENES49,3,370,1
SCENES26,NA,370,2
SCENES14,NA,370,2
SCENES25,NA,370,2
SCENES26,2,370,1
SCENES8,NA,370,2
SCENES10,5,370,1
SCENES13,5,370,1
SCENES36,2,370,2
SCENES39,2,370,2
SCENES6,2,370,2
SCENES46,7,370,1
SCENES12,6,370,2
SCENES13,NA,370,2
SCENES11,NA,370,2
SCENES46,NA,370,2
SCENES23,NA,370,2
SCENES8,4,370,1
SCENES2,NA,370,2
SCENES43,3,370,2
SCENES21,5,370,2
SCENES28,6,370,1
SCENES43,2,370,1
SCENES7,NA,370,2
SCENES9,4,370,2
SCENES48,2,370,1
SCENES18,2,370,2
SCENES14,6,370,1
SCENES21,4,370,1
SCENES41,2,370,1
SCENES44,6,370,1
SCENES1,4,370,1
SCENES7,4,370,1
SCENES18,2,370,1
SCENES44,NA,370,2
SCENES22,2,370,1
SCENES25,3,370,1
SCENES20,3,370,1
SCENES2,3,370,1
SCENES20,NA,370,2
SCENES37,6,370,1
SCENES40,6,370,1
SCENES9,4,370,1
SCENES12,4,371,1
SCENES44,4,371,1
SCENES6,2,371,1
SCENES39,3,371,1
SCENES23,4,371,1
SCENES37,NA,371,2
SCENES10,3,371,1
SCENES5,NA,371,2
SCENES8,4,371,1
SCENES22,NA,371,2
SCENES2,NA,371,2
SCENES10,NA,371,2
SCENES28,NA,371,2
SCENES1,NA,371,2
SCENES13,NA,371,2
SCENES1,4,371,1
SCENES39,2,371,2
SCENES8,NA,371,2
SCENES37,5,371,1
SCENES13,4,371,1
SCENES21,5,371,1
SCENES11,3,371,1
SCENES6,2,371,2
SCENES25,2,371,1
SCENES11,NA,371,2
SCENES36,2,371,2
SCENES41,NA,371,2
SCENES25,NA,371,2
SCENES20,3,371,1
SCENES44,NA,371,2
SCENES18,2,371,1
SCENES12,4,371,2
SCENES46,NA,371,2
SCENES21,6,371,2
SCENES48,NA,371,2
SCENES40,NA,371,2
SCENES9,4,371,2
SCENES36,2,371,1
SCENES26,1,371,1
SCENES14,5,371,1
SCENES49,2,371,1
SCENES23,NA,371,2
SCENES43,2,371,1
SCENES28,6,371,1
SCENES49,NA,371,2
SCENES18,2,371,2
SCENES41,2,371,1
SCENES9,4,371,1
SCENES7,3,371,1
SCENES26,NA,371,2
SCENES46,7,371,1
SCENES7,NA,371,2
SCENES5,5,371,1
SCENES22,2,371,1
SCENES40,5,371,1
SCENES43,3,371,2
SCENES14,NA,371,2
SCENES2,2,371,1
SCENES20,NA,371,2
SCENES48,2,371,1
SCENES10,6,372,1
SCENES2,4,372,1
SCENES2,NA,372,2
SCENES28,5,372,1
SCENES9,3,372,2
SCENES23,4,372,1
SCENES5,NA,372,2
SCENES1,NA,372,2
SCENES25,4,372,1
SCENES39,4,372,1
SCENES6,3,372,2
SCENES8,5,372,1
SCENES6,4,372,1
SCENES39,4,372,2
SCENES23,NA,372,2
SCENES12,5,372,2
SCENES13,6,372,1
SCENES28,NA,372,2
SCENES25,NA,372,2
SCENES41,3,372,1
SCENES36,3,372,2
SCENES5,6,372,1
SCENES21,4,372,1
SCENES22,NA,372,2
SCENES10,NA,372,2
SCENES13,NA,372,2
SCENES22,3,372,1
SCENES26,3,372,1
SCENES7,NA,372,2
SCENES18,4,372,1
SCENES43,4,372,1
SCENES37,NA,372,2
SCENES40,4,372,1
SCENES37,5,372,1
SCENES49,4,372,1
SCENES44,NA,372,2
SCENES14,7,372,1
SCENES20,NA,372,2
SCENES7,4,372,1
SCENES8,NA,372,2
SCENES26,NA,372,2
SCENES11,4,372,1
SCENES9,4,372,1
SCENES20,4,372,1
SCENES43,4,372,2
SCENES49,NA,372,2
SCENES40,NA,372,2
SCENES44,5,372,1
SCENES21,4,372,2
SCENES48,NA,372,2
SCENES11,NA,372,2
SCENES18,4,372,2
SCENES36,3,372,1
SCENES14,NA,372,2
SCENES48,4,372,1
SCENES41,NA,372,2
SCENES1,5,372,1
SCENES12,6,372,1
SCENES46,NA,372,2
SCENES46,6,372,1
SCENES40,6,376,1
SCENES26,NA,376,2
SCENES1,NA,376,2
SCENES49,2,376,1
SCENES28,7,376,1
SCENES6,2,376,1
SCENES10,6,376,1
SCENES40,NA,376,2
SCENES22,2,376,1
SCENES20,7,376,1
SCENES5,5,376,1
SCENES8,4,376,1
SCENES26,1,376,1
SCENES43,2,376,2
SCENES25,1,376,1
SCENES23,NA,376,2
SCENES1,3,376,1
SCENES28,NA,376,2
SCENES39,1,376,1
SCENES41,1,376,1
SCENES12,5,376,2
SCENES49,NA,376,2
SCENES37,7,376,1
SCENES18,1,376,1
SCENES8,NA,376,2
SCENES5,NA,376,2
SCENES21,7,376,2
SCENES10,NA,376,2
SCENES22,NA,376,2
SCENES14,7,376,1
SCENES14,NA,376,2
SCENES7,2,376,1
SCENES23,2,376,1
SCENES41,NA,376,2
SCENES20,NA,376,2
SCENES25,NA,376,2
SCENES48,3,376,1
SCENES46,NA,376,2
SCENES2,NA,376,2
SCENES36,2,376,2
SCENES13,NA,376,2
SCENES18,1,376,2
SCENES48,NA,376,2
SCENES39,1,376,2
SCENES37,NA,376,2
SCENES12,5,376,1
SCENES9,4,376,1
SCENES36,2,376,1
SCENES21,7,376,1
SCENES9,4,376,2
SCENES11,2,376,1
SCENES7,NA,376,2
SCENES6,2,376,2
SCENES11,NA,376,2
SCENES13,5,376,1
SCENES44,7,376,1
SCENES46,6,376,1
SCENES44,NA,376,2
SCENES43,2,376,1
SCENES2,2,376,1
SCENES6,1,386,2
SCENES1,NA,386,2
SCENES12,4,386,2
SCENES10,4,386,1
SCENES28,6,386,1
SCENES48,1,386,1
SCENES43,1,386,2
SCENES25,NA,386,2
SCENES46,6,386,1
SCENES37,4,386,1
SCENES41,1,386,1
SCENES11,1,386,1
SCENES21,4,386,2
SCENES2,1,386,1
SCENES22,1,386,1
SCENES26,1,386,1
SCENES46,NA,386,2
SCENES20,1,386,1
SCENES37,NA,386,2
SCENES36,1,386,2
SCENES22,NA,386,2
SCENES44,NA,386,2
SCENES40,NA,386,2
SCENES2,NA,386,2
SCENES49,1,386,1
SCENES44,4,386,1
SCENES25,1,386,1
SCENES13,3,386,1
SCENES13,NA,386,2
SCENES43,1,386,1
SCENES9,3,386,2
SCENES21,6,386,1
SCENES7,3,386,1
SCENES1,5,386,1
SCENES41,NA,386,2
SCENES18,1,386,1
SCENES40,4,386,1
SCENES28,NA,386,2
SCENES5,5,386,1
SCENES10,NA,386,2
SCENES36,1,386,1
SCENES11,NA,386,2
SCENES39,1,386,1
SCENES8,NA,386,2
SCENES49,NA,386,2
SCENES18,1,386,2
SCENES8,4,386,1
SCENES23,1,386,1
SCENES14,5,386,1
SCENES14,NA,386,2
SCENES9,4,386,1
SCENES12,3,386,1
SCENES26,NA,386,2
SCENES7,NA,386,2
SCENES20,NA,386,2
SCENES6,1,386,1
SCENES39,1,386,2
SCENES48,NA,386,2
SCENES5,NA,386,2
SCENES23,NA,386,2
SCENES2,3,392,1
SCENES9,3,392,2
SCENES44,6,392,1
SCENES41,2,392,1
SCENES28,5,392,1
SCENES20,NA,392,2
SCENES28,NA,392,2
SCENES37,3,392,1
SCENES6,2,392,2
SCENES18,3,392,1
SCENES20,3,392,1
SCENES21,5,392,1
SCENES44,NA,392,2
SCENES41,NA,392,2
SCENES23,NA,392,2
SCENES7,NA,392,2
SCENES10,NA,392,2
SCENES13,NA,392,2
SCENES26,1,392,1
SCENES37,NA,392,2
SCENES2,NA,392,2
SCENES6,2,392,1
SCENES10,6,392,1
SCENES5,NA,392,2
SCENES43,4,392,1
SCENES39,2,392,2
SCENES1,NA,392,2
SCENES12,6,392,2
SCENES8,3,392,1
SCENES5,5,392,1
SCENES11,NA,392,2
SCENES25,NA,392,2
SCENES43,3,392,2
SCENES22,NA,392,2
SCENES18,2,392,2
SCENES22,2,392,1
SCENES1,5,392,1
SCENES39,1,392,1
SCENES8,NA,392,2
SCENES48,3,392,1
SCENES48,NA,392,2
SCENES36,3,392,1
SCENES26,NA,392,2
SCENES9,4,392,1
SCENES46,NA,392,2
SCENES23,3,392,1
SCENES36,4,392,2
SCENES21,5,392,2
SCENES25,2,392,1
SCENES40,NA,392,2
SCENES49,NA,392,2
SCENES12,5,392,1
SCENES49,3,392,1
SCENES46,7,392,1
SCENES14,7,392,1
SCENES11,3,392,1
SCENES13,6,392,1
SCENES40,6,392,1
SCENES14,NA,392,2
SCENES7,3,392,1
SCENES23,NA,4,2
SCENES21,7,4,1
SCENES2,3,4,1
SCENES23,3,4,1
SCENES11,2,4,1
SCENES22,NA,4,2
SCENES9,7,4,2
SCENES18,1,4,1
SCENES13,7,4,1
SCENES7,NA,4,2
SCENES5,NA,4,2
SCENES5,7,4,1
SCENES43,1,4,2
SCENES20,NA,4,2
SCENES39,1,4,2
SCENES46,NA,4,2
SCENES2,NA,4,2
SCENES41,1,4,1
SCENES10,NA,4,2
SCENES39,1,4,1
SCENES36,1,4,1
SCENES8,7,4,1
SCENES48,3,4,1
SCENES26,NA,4,2
SCENES6,1,4,2
SCENES28,7,4,1
SCENES1,6,4,1
SCENES14,NA,4,2
SCENES18,1,4,2
SCENES7,6,4,1
SCENES37,7,4,1
SCENES28,NA,4,2
SCENES12,7,4,2
SCENES10,7,4,1
SCENES6,3,4,1
SCENES40,7,4,1
SCENES25,NA,4,2
SCENES40,NA,4,2
SCENES48,NA,4,2
SCENES12,7,4,1
SCENES21,7,4,2
SCENES46,7,4,1
SCENES1,NA,4,2
SCENES20,1,4,1
SCENES22,1,4,1
SCENES26,1,4,1
SCENES14,7,4,1
SCENES36,1,4,2
SCENES25,1,4,1
SCENES49,NA,4,2
SCENES9,7,4,1
SCENES44,NA,4,2
SCENES41,NA,4,2
SCENES13,NA,4,2
SCENES43,1,4,1
SCENES44,7,4,1
SCENES8,NA,4,2
SCENES49,1,4,1
SCENES37,NA,4,2
SCENES11,NA,4,2
SCENES41,NA,416,2
SCENES39,2,416,2
SCENES40,5,416,1
SCENES46,6,416,1
SCENES36,3,416,1
SCENES49,4,416,1
SCENES37,5,416,1
SCENES39,3,416,1
SCENES14,NA,416,2
SCENES44,5,416,1
SCENES6,3,416,2
SCENES44,NA,416,2
SCENES11,3,416,1
SCENES23,5,416,1
SCENES5,NA,416,2
SCENES20,6,416,1
SCENES18,3,416,1
SCENES1,NA,416,2
SCENES48,4,416,1
SCENES48,NA,416,2
SCENES43,3,416,2
SCENES22,NA,416,2
SCENES9,4,416,2
SCENES12,6,416,1
SCENES28,NA,416,2
SCENES41,3,416,1
SCENES28,6,416,1
SCENES43,4,416,1
SCENES2,3,416,1
SCENES23,NA,416,2
SCENES26,NA,416,2
SCENES49,NA,416,2
SCENES12,6,416,2
SCENES9,4,416,1
SCENES11,NA,416,2
SCENES10,NA,416,2
SCENES10,5,416,1
SCENES13,NA,416,2
SCENES7,NA,416,2
SCENES40,NA,416,2
SCENES46,NA,416,2
SCENES37,NA,416,2
SCENES2,NA,416,2
SCENES8,5,416,1
SCENES14,6,416,1
SCENES1,4,416,1
SCENES7,4,416,1
SCENES21,4,416,2
SCENES25,NA,416,2
SCENES26,3,416,1
SCENES18,3,416,2
SCENES13,5,416,1
SCENES36,3,416,2
SCENES25,3,416,1
SCENES8,NA,416,2
SCENES6,4,416,1
SCENES20,NA,416,2
SCENES21,6,416,1
SCENES5,6,416,1
SCENES22,3,416,1
SCENES44,6,422,1
SCENES37,NA,422,2
SCENES2,NA,422,2
SCENES12,5,422,2
SCENES8,NA,422,2
SCENES44,NA,422,2
SCENES14,NA,422,2
SCENES46,6,422,1
SCENES40,NA,422,2
SCENES40,6,422,1
SCENES41,NA,422,2
SCENES49,NA,422,2
SCENES25,NA,422,2
SCENES7,NA,422,2
SCENES8,5,422,1
SCENES37,5,422,1
SCENES21,6,422,2
SCENES28,NA,422,2
SCENES2,2,422,1
SCENES23,NA,422,2
SCENES14,6,422,1
SCENES46,NA,422,2
SCENES26,NA,422,2
SCENES13,6,422,1
SCENES5,6,422,1
SCENES22,2,422,1
SCENES20,4,422,1
SCENES43,2,422,1
SCENES6,2,422,1
SCENES22,NA,422,2
SCENES23,2,422,1
SCENES1,NA,422,2
SCENES48,NA,422,2
SCENES36,1,422,1
SCENES7,4,422,1
SCENES10,7,422,1
SCENES11,NA,422,2
SCENES9,6,422,1
SCENES26,1,422,1
SCENES10,NA,422,2
SCENES25,1,422,1
SCENES18,3,422,2
SCENES21,7,422,1
SCENES48,4,422,1
SCENES39,1,422,2
SCENES12,6,422,1
SCENES36,1,422,2
SCENES5,NA,422,2
SCENES13,NA,422,2
SCENES20,NA,422,2
SCENES49,3,422,1
SCENES6,2,422,2
SCENES11,2,422,1
SCENES1,6,422,1
SCENES39,1,422,1
SCENES9,5,422,2
SCENES41,3,422,1
SCENES18,3,422,1
SCENES28,6,422,1
SCENES43,1,422,2
SCENES5,NA,423,2
SCENES48,NA,423,2
SCENES8,NA,423,2
SCENES8,7,423,1
SCENES14,NA,423,2
SCENES48,5,423,1
SCENES21,7,423,1
SCENES2,NA,423,2
SCENES10,NA,423,2
SCENES14,7,423,1
SCENES37,NA,423,2
SCENES43,5,423,1
SCENES20,5,423,1
SCENES20,NA,423,2
SCENES44,NA,423,2
SCENES22,4,423,1
SCENES12,7,423,1
SCENES49,NA,423,2
SCENES46,7,423,1
SCENES7,7,423,1
SCENES9,6,423,1
SCENES5,7,423,1
SCENES10,7,423,1
SCENES11,NA,423,2
SCENES39,4,423,1
SCENES22,NA,423,2
SCENES1,NA,423,2
SCENES41,5,423,1
SCENES41,NA,423,2
SCENES36,4,423,2
SCENES7,NA,423,2
SCENES36,4,423,1
SCENES2,3,423,1
SCENES6,3,423,2
SCENES13,7,423,1
SCENES44,7,423,1
SCENES26,2,423,1
SCENES1,6,423,1
SCENES12,7,423,2
SCENES6,4,423,1
SCENES21,7,423,2
SCENES11,5,423,1
SCENES13,NA,423,2
SCENES18,4,423,1
SCENES9,7,423,2
SCENES18,5,423,2
SCENES46,NA,423,2
SCENES28,NA,423,2
SCENES23,4,423,1
SCENES37,7,423,1
SCENES25,1,423,1
SCENES26,NA,423,2
SCENES39,5,423,2
SCENES49,6,423,1
SCENES40,7,423,1
SCENES25,NA,423,2
SCENES40,NA,423,2
SCENES23,NA,423,2
SCENES43,5,423,2
SCENES28,7,423,1
SCENES14,NA,438,2
SCENES39,1,438,2
SCENES7,NA,438,2
SCENES20,4,438,1
SCENES11,2,438,1
SCENES37,NA,438,2
SCENES8,5,438,1
SCENES49,3,438,1
SCENES2,2,438,1
SCENES18,4,438,2
SCENES26,NA,438,2
SCENES18,3,438,1
SCENES46,6,438,1
SCENES49,NA,438,2
SCENES40,6,438,1
SCENES28,6,438,1
SCENES25,NA,438,2
SCENES5,7,438,1
SCENES1,NA,438,2
SCENES21,7,438,2
SCENES10,6,438,1
SCENES9,5,438,2
SCENES36,2,438,2
SCENES13,NA,438,2
SCENES5,NA,438,2
SCENES41,NA,438,2
SCENES25,1,438,1
SCENES10,NA,438,2
SCENES11,NA,438,2
SCENES44,5,438,1
SCENES48,2,438,1
SCENES9,5,438,1
SCENES48,NA,438,2
SCENES6,3,438,1
SCENES14,6,438,1
SCENES23,NA,438,2
SCENES36,2,438,1
SCENES12,7,438,2
SCENES6,2,438,2
SCENES43,2,438,2
SCENES22,NA,438,2
SCENES40,NA,438,2
SCENES21,7,438,1
SCENES44,NA,438,2
SCENES43,4,438,1
SCENES2,NA,438,2
SCENES13,7,438,1
SCENES20,NA,438,2
SCENES41,5,438,1
SCENES26,2,438,1
SCENES7,4,438,1
SCENES37,3,438,1
SCENES28,NA,438,2
SCENES46,NA,438,2
SCENES22,4,438,1
SCENES8,NA,438,2
SCENES1,5,438,1
SCENES12,6,438,1
SCENES39,1,438,1
SCENES23,4,438,1
SCENES18,2,44,1
SCENES12,5,44,1
SCENES13,5,44,1
SCENES48,1,44,1
SCENES8,NA,44,2
SCENES26,2,44,1
SCENES6,2,44,1
SCENES25,1,44,1
SCENES46,6,44,1
SCENES48,NA,44,2
SCENES20,2,44,1
SCENES20,NA,44,2
SCENES23,NA,44,2
SCENES13,NA,44,2
SCENES46,NA,44,2
SCENES39,1,44,1
SCENES7,NA,44,2
SCENES44,NA,44,2
SCENES43,3,44,1
SCENES36,2,44,2
SCENES41,1,44,1
SCENES7,5,44,1
SCENES40,NA,44,2
SCENES1,NA,44,2
SCENES23,2,44,1
SCENES6,1,44,2
SCENES9,5,44,1
SCENES8,6,44,1
SCENES2,NA,44,2
SCENES21,4,44,1
SCENES37,4,44,1
SCENES43,3,44,2
SCENES28,5,44,1
SCENES26,NA,44,2
SCENES10,7,44,1
SCENES14,NA,44,2
SCENES28,NA,44,2
SCENES5,5,44,1
SCENES11,2,44,1
SCENES44,4,44,1
SCENES40,4,44,1
SCENES25,NA,44,2
SCENES11,NA,44,2
SCENES1,4,44,1
SCENES10,NA,44,2
SCENES12,5,44,2
SCENES49,NA,44,2
SCENES18,2,44,2
SCENES41,NA,44,2
SCENES9,4,44,2
SCENES39,1,44,2
SCENES14,6,44,1
SCENES37,NA,44,2
SCENES22,NA,44,2
SCENES36,2,44,1
SCENES22,2,44,1
SCENES21,4,44,2
SCENES2,3,44,1
SCENES5,NA,44,2
SCENES49,1,44,1
SCENES9,7,454,2
SCENES49,5,454,1
SCENES23,6,454,1
SCENES21,7,454,1
SCENES11,NA,454,2
SCENES6,3,454,2
SCENES7,NA,454,2
SCENES28,7,454,1
SCENES36,3,454,2
SCENES13,NA,454,2
SCENES12,7,454,2
SCENES41,4,454,1
SCENES8,7,454,1
SCENES1,NA,454,2
SCENES39,4,454,2
SCENES11,4,454,1
SCENES37,NA,454,2
SCENES48,5,454,1
SCENES14,7,454,1
SCENES43,4,454,1
SCENES18,2,454,1
SCENES20,NA,454,2
SCENES20,6,454,1
SCENES28,NA,454,2
SCENES2,3,454,1
SCENES25,2,454,1
SCENES44,NA,454,2
SCENES46,7,454,1
SCENES5,NA,454,2
SCENES39,3,454,1
SCENES43,4,454,2
SCENES26,NA,454,2
SCENES22,NA,454,2
SCENES37,7,454,1
SCENES10,NA,454,2
SCENES5,7,454,1
SCENES12,7,454,1
SCENES18,2,454,2
SCENES7,6,454,1
SCENES40,NA,454,2
SCENES49,NA,454,2
SCENES23,NA,454,2
SCENES48,NA,454,2
SCENES10,6,454,1
SCENES26,2,454,1
SCENES14,NA,454,2
SCENES6,3,454,1
SCENES8,NA,454,2
SCENES1,6,454,1
SCENES40,7,454,1
SCENES2,NA,454,2
SCENES13,6,454,1
SCENES22,3,454,1
SCENES9,7,454,1
SCENES21,7,454,2
SCENES46,NA,454,2
SCENES25,NA,454,2
SCENES36,3,454,1
SCENES41,NA,454,2
SCENES44,7,454,1
SCENES9,5,468,1
SCENES41,NA,468,2
SCENES13,NA,468,2
SCENES8,6,468,1
SCENES5,NA,468,2
SCENES18,1,468,2
SCENES18,1,468,1
SCENES37,NA,468,2
SCENES48,NA,468,2
SCENES40,NA,468,2
SCENES12,6,468,2
SCENES26,NA,468,2
SCENES37,4,468,1
SCENES9,5,468,2
SCENES6,1,468,1
SCENES12,5,468,1
SCENES39,1,468,1
SCENES11,1,468,1
SCENES10,6,468,1
SCENES46,NA,468,2
SCENES5,7,468,1
SCENES6,1,468,2
SCENES41,1,468,1
SCENES8,NA,468,2
SCENES2,NA,468,2
SCENES1,2,468,1
SCENES11,NA,468,2
SCENES21,5,468,1
SCENES43,3,468,2
SCENES20,NA,468,2
SCENES49,NA,468,2
SCENES7,3,468,1
SCENES46,6,468,1
SCENES36,1,468,2
SCENES43,2,468,1
SCENES1,NA,468,2
SCENES7,NA,468,2
SCENES25,NA,468,2
SCENES23,NA,468,2
SCENES14,7,468,1
SCENES28,7,468,1
SCENES14,NA,468,2
SCENES20,2,468,1
SCENES44,4,468,1
SCENES49,1,468,1
SCENES22,NA,468,2
SCENES13,6,468,1
SCENES23,2,468,1
SCENES10,NA,468,2
SCENES48,2,468,1
SCENES40,6,468,1
SCENES25,2,468,1
SCENES2,1,468,1
SCENES28,NA,468,2
SCENES44,NA,468,2
SCENES26,1,468,1
SCENES21,5,468,2
SCENES39,1,468,2
SCENES22,2,468,1
SCENES36,1,468,1
SCENES40,5,469,1
SCENES21,5,469,1
SCENES1,4,469,1
SCENES11,2,469,1
SCENES18,5,469,2
SCENES9,4,469,2
SCENES7,5,469,1
SCENES48,3,469,1
SCENES14,5,469,1
SCENES12,5,469,1
SCENES5,5,469,1
SCENES13,NA,469,2
SCENES43,3,469,1
SCENES39,5,469,1
SCENES12,4,469,2
SCENES48,NA,469,2
SCENES23,NA,469,2
SCENES49,3,469,1
SCENES26,NA,469,2
SCENES2,4,469,1
SCENES14,NA,469,2
SCENES2,NA,469,2
SCENES5,NA,469,2
SCENES49,NA,469,2
SCENES25,3,469,1
SCENES6,4,469,2
SCENES43,3,469,2
SCENES41,NA,469,2
SCENES9,5,469,1
SCENES46,6,469,1
SCENES6,5,469,1
SCENES37,5,469,1
SCENES10,NA,469,2
SCENES18,5,469,1
SCENES41,3,469,1
SCENES11,NA,469,2
SCENES44,5,469,1
SCENES37,NA,469,2
SCENES23,3,469,1
SCENES13,5,469,1
SCENES25,NA,469,2
SCENES40,NA,469,2
SCENES36,3,469,2
SCENES1,NA,469,2
SCENES46,NA,469,2
SCENES20,NA,469,2
SCENES22,NA,469,2
SCENES44,NA,469,2
SCENES26,3,469,1
SCENES28,5,469,1
SCENES36,3,469,1
SCENES39,3,469,2
SCENES20,5,469,1
SCENES22,3,469,1
SCENES8,NA,469,2
SCENES21,5,469,2
SCENES10,5,469,1
SCENES7,NA,469,2
SCENES8,5,469,1
SCENES28,NA,469,2
SCENES37,NA,472,2
SCENES12,5,472,2
SCENES21,6,472,1
SCENES48,NA,472,2
SCENES5,4,472,1
SCENES14,6,472,1
SCENES6,1,472,1
SCENES23,NA,472,2
SCENES20,NA,472,2
SCENES1,NA,472,2
SCENES48,1,472,1
SCENES8,2,472,1
SCENES2,6,472,1
SCENES20,2,472,1
SCENES28,NA,472,2
SCENES39,1,472,1
SCENES13,7,472,1
SCENES9,2,472,2
SCENES26,1,472,1
SCENES2,NA,472,2
SCENES46,NA,472,2
SCENES40,4,472,1
SCENES49,1,472,1
SCENES11,1,472,1
SCENES11,NA,472,2
SCENES13,NA,472,2
SCENES46,4,472,1
SCENES43,4,472,2
SCENES26,NA,472,2
SCENES25,NA,472,2
SCENES41,NA,472,2
SCENES10,NA,472,2
SCENES28,6,472,1
SCENES36,1,472,1
SCENES8,NA,472,2
SCENES7,NA,472,2
SCENES18,1,472,1
SCENES1,6,472,1
SCENES39,1,472,2
SCENES10,4,472,1
SCENES22,NA,472,2
SCENES43,4,472,1
SCENES5,NA,472,2
SCENES37,3,472,1
SCENES25,1,472,1
SCENES49,NA,472,2
SCENES40,NA,472,2
SCENES18,2,472,2
SCENES9,3,472,1
SCENES14,NA,472,2
SCENES12,6,472,1
SCENES6,1,472,2
SCENES23,2,472,1
SCENES41,2,472,1
SCENES7,3,472,1
SCENES44,4,472,1
SCENES22,1,472,1
SCENES36,1,472,2
SCENES21,6,472,2
SCENES44,NA,472,2
SCENES28,5,536,1
SCENES7,4,536,1
SCENES48,NA,536,2
SCENES18,1,536,1
SCENES41,1,536,1
SCENES41,NA,536,2
SCENES37,NA,536,2
SCENES49,NA,536,2
SCENES7,NA,536,2
SCENES13,NA,536,2
SCENES12,7,536,2
SCENES21,4,536,1
SCENES21,5,536,2
SCENES5,NA,536,2
SCENES13,5,536,1
SCENES22,NA,536,2
SCENES26,NA,536,2
SCENES6,1,536,1
SCENES20,NA,536,2
SCENES11,1,536,1
SCENES46,NA,536,2
SCENES22,1,536,1
SCENES9,4,536,2
SCENES12,6,536,1
SCENES28,NA,536,2
SCENES1,NA,536,2
SCENES43,2,536,2
SCENES49,2,536,1
SCENES20,3,536,1
SCENES39,1,536,2
SCENES23,NA,536,2
SCENES25,1,536,1
SCENES8,NA,536,2
SCENES11,NA,536,2
SCENES2,NA,536,2
SCENES44,6,536,1
SCENES18,1,536,2
SCENES14,NA,536,2
SCENES46,7,536,1
SCENES10,1,536,1
SCENES14,4,536,1
SCENES36,1,536,2
SCENES37,5,536,1
SCENES36,1,536,1
SCENES8,2,536,1
SCENES2,2,536,1
SCENES6,1,536,2
SCENES25,NA,536,2
SCENES40,1,536,1
SCENES48,4,536,1
SCENES10,NA,536,2
SCENES44,NA,536,2
SCENES40,NA,536,2
SCENES9,5,536,1
SCENES39,1,536,1
SCENES1,4,536,1
SCENES26,1,536,1
SCENES23,1,536,1
SCENES43,2,536,1
SCENES5,2,536,1
SCENES40,NA,557,2
SCENES8,3,557,1
SCENES21,2,557,1
SCENES44,NA,557,2
SCENES12,6,557,2
SCENES44,2,557,1
SCENES22,3,557,1
SCENES7,2,557,1
SCENES8,NA,557,2
SCENES10,6,557,1
SCENES2,NA,557,2
SCENES48,6,557,1
SCENES49,3,557,1
SCENES2,3,557,1
SCENES13,2,557,1
SCENES14,2,557,1
SCENES25,2,557,1
SCENES13,NA,557,2
SCENES46,NA,557,2
SCENES18,6,557,1
SCENES6,6,557,2
SCENES11,NA,557,2
SCENES49,NA,557,2
SCENES21,2,557,2
SCENES43,6,557,1
SCENES48,NA,557,2
SCENES41,2,557,1
SCENES25,NA,557,2
SCENES11,6,557,1
SCENES39,5,557,2
SCENES7,NA,557,2
SCENES39,6,557,1
SCENES23,NA,557,2
SCENES5,NA,557,2
SCENES5,2,557,1
SCENES10,NA,557,2
SCENES40,3,557,1
SCENES36,4,557,1
SCENES26,2,557,1
SCENES6,6,557,1
SCENES37,1,557,1
SCENES22,NA,557,2
SCENES18,6,557,2
SCENES9,5,557,1
SCENES14,NA,557,2
SCENES46,2,557,1
SCENES28,NA,557,2
SCENES1,NA,557,2
SCENES41,NA,557,2
SCENES26,NA,557,2
SCENES28,2,557,1
SCENES1,3,557,1
SCENES43,6,557,2
SCENES20,2,557,1
SCENES23,2,557,1
SCENES20,NA,557,2
SCENES12,5,557,1
SCENES36,4,557,2
SCENES9,5,557,2
SCENES37,NA,557,2
SCENES12,4,568,2
SCENES40,NA,568,2
SCENES40,4,568,1
SCENES8,4,568,1
SCENES48,4,568,1
SCENES14,5,568,1
SCENES49,2,568,1
SCENES43,2,568,1
SCENES14,NA,568,2
SCENES12,7,568,1
SCENES36,3,568,2
SCENES28,NA,568,2
SCENES18,3,568,2
SCENES5,NA,568,2
SCENES8,NA,568,2
SCENES39,1,568,2
SCENES11,NA,568,2
SCENES6,1,568,1
SCENES5,7,568,1
SCENES49,NA,568,2
SCENES48,NA,568,2
SCENES44,NA,568,2
SCENES7,NA,568,2
SCENES43,2,568,2
SCENES25,NA,568,2
SCENES10,NA,568,2
SCENES46,NA,568,2
SCENES9,5,568,1
SCENES20,NA,568,2
SCENES23,NA,568,2
SCENES7,2,568,1
SCENES6,1,568,2
SCENES25,3,568,1
SCENES22,NA,568,2
SCENES20,5,568,1
SCENES41,3,568,1
SCENES37,NA,568,2
SCENES28,6,568,1
SCENES26,2,568,1
SCENES37,5,568,1
SCENES9,3,568,2
SCENES36,5,568,1
SCENES2,2,568,1
SCENES39,1,568,1
SCENES23,4,568,1
SCENES21,7,568,1
SCENES18,3,568,1
SCENES1,NA,568,2
SCENES46,7,568,1
SCENES44,6,568,1
SCENES2,NA,568,2
SCENES26,NA,568,2
SCENES11,2,568,1
SCENES13,NA,568,2
SCENES10,7,568,1
SCENES41,NA,568,2
SCENES13,6,568,1
SCENES22,1,568,1
SCENES1,4,568,1
SCENES21,5,568,2
SCENES13,7,569,1
SCENES13,NA,569,2
SCENES2,4,569,1
SCENES25,3,569,1
SCENES41,NA,569,2
SCENES25,NA,569,2
SCENES12,7,569,2
SCENES39,3,569,2
SCENES23,NA,569,2
SCENES20,NA,569,2
SCENES28,NA,569,2
SCENES6,4,569,2
SCENES9,7,569,2
SCENES43,3,569,2
SCENES48,NA,569,2
SCENES5,NA,569,2
SCENES18,4,569,2
SCENES43,4,569,1
SCENES14,7,569,1
SCENES22,NA,569,2
SCENES40,7,569,1
SCENES9,5,569,1
SCENES44,5,569,1
SCENES40,NA,569,2
SCENES21,6,569,1
SCENES7,5,569,1
SCENES48,5,569,1
SCENES22,3,569,1
SCENES28,7,569,1
SCENES49,4,569,1
SCENES8,5,569,1
SCENES8,NA,569,2
SCENES18,4,569,1
SCENES41,4,569,1
SCENES37,NA,569,2
SCENES6,3,569,1
SCENES7,NA,569,2
SCENES37,6,569,1
SCENES2,NA,569,2
SCENES46,NA,569,2
SCENES23,4,569,1
SCENES26,NA,569,2
SCENES11,NA,569,2
SCENES10,5,569,1
SCENES14,NA,569,2
SCENES5,7,569,1
SCENES10,NA,569,2
SCENES21,7,569,2
SCENES1,NA,569,2
SCENES12,7,569,1
SCENES36,4,569,1
SCENES20,3,569,1
SCENES26,3,569,1
SCENES49,NA,569,2
SCENES36,4,569,2
SCENES44,NA,569,2
SCENES39,3,569,1
SCENES11,3,569,1
SCENES46,7,569,1
SCENES1,7,569,1
SCENES25,1,582,1
SCENES41,NA,582,2
SCENES2,NA,582,2
SCENES39,1,582,2
SCENES8,NA,582,2
SCENES25,NA,582,2
SCENES18,2,582,2
SCENES23,NA,582,2
SCENES48,NA,582,2
SCENES5,7,582,1
SCENES37,NA,582,2
SCENES11,5,582,1
SCENES1,NA,582,2
SCENES22,NA,582,2
SCENES1,7,582,1
SCENES14,NA,582,2
SCENES49,NA,582,2
SCENES28,NA,582,2
SCENES10,NA,582,2
SCENES40,7,582,1
SCENES40,NA,582,2
SCENES44,NA,582,2
SCENES6,2,582,2
SCENES2,4,582,1
SCENES28,7,582,1
SCENES23,2,582,1
SCENES8,7,582,1
SCENES37,7,582,1
SCENES36,1,582,2
SCENES20,4,582,1
SCENES46,7,582,1
SCENES14,7,582,1
SCENES10,7,582,1
SCENES43,1,582,1
SCENES49,2,582,1
SCENES21,7,582,2
SCENES41,3,582,1
SCENES7,NA,582,2
SCENES7,5,582,1
SCENES21,7,582,1
SCENES12,7,582,1
SCENES36,2,582,1
SCENES5,NA,582,2
SCENES22,2,582,1
SCENES39,1,582,1
SCENES18,4,582,1
SCENES44,7,582,1
SCENES11,NA,582,2
SCENES6,4,582,1
SCENES48,3,582,1
SCENES13,6,582,1
SCENES43,1,582,2
SCENES26,3,582,1
SCENES9,7,582,1
SCENES26,NA,582,2
SCENES46,NA,582,2
SCENES20,NA,582,2
SCENES9,7,582,2
SCENES13,NA,582,2
SCENES12,7,582,2
SCENES13,NA,608,2
SCENES10,4,608,1
SCENES48,NA,608,2
SCENES21,5,608,1
SCENES5,4,608,1
SCENES37,NA,608,2
SCENES7,3,608,1
SCENES2,4,608,1
SCENES22,1,608,1
SCENES9,3,608,2
SCENES10,NA,608,2
SCENES12,4,608,2
SCENES39,1,608,1
SCENES48,1,608,1
SCENES25,1,608,1
SCENES21,4,608,2
SCENES6,1,608,1
SCENES46,NA,608,2
SCENES6,1,608,2
SCENES18,1,608,1
SCENES14,5,608,1
SCENES11,1,608,1
SCENES46,6,608,1
SCENES49,NA,608,2
SCENES40,4,608,1
SCENES5,NA,608,2
SCENES14,NA,608,2
SCENES23,NA,608,2
SCENES28,NA,608,2
SCENES7,NA,608,2
SCENES44,NA,608,2
SCENES8,NA,608,2
SCENES11,NA,608,2
SCENES37,3,608,1
SCENES22,NA,608,2
SCENES20,NA,608,2
SCENES12,3,608,1
SCENES43,1,608,2
SCENES44,4,608,1
SCENES2,NA,608,2
SCENES18,1,608,2
SCENES1,NA,608,2
SCENES28,5,608,1
SCENES40,NA,608,2
SCENES43,1,608,1
SCENES36,2,608,1
SCENES23,3,608,1
SCENES25,NA,608,2
SCENES36,1,608,2
SCENES8,3,608,1
SCENES39,1,608,2
SCENES26,NA,608,2
SCENES41,1,608,1
SCENES13,5,608,1
SCENES9,3,608,1
SCENES1,5,608,1
SCENES26,1,608,1
SCENES41,NA,608,2
SCENES20,3,608,1
SCENES49,3,608,1
SCENES9,5,646,2
SCENES46,7,646,1
SCENES43,4,646,1
SCENES11,NA,646,2
SCENES39,2,646,2
SCENES23,NA,646,2
SCENES41,NA,646,2
SCENES5,7,646,1
SCENES18,2,646,2
SCENES49,NA,646,2
SCENES37,NA,646,2
SCENES13,NA,646,2
SCENES46,NA,646,2
SCENES48,NA,646,2
SCENES49,3,646,1
SCENES5,NA,646,2
SCENES7,NA,646,2
SCENES2,1,646,1
SCENES10,6,646,1
SCENES23,2,646,1
SCENES40,3,646,1
SCENES9,5,646,1
SCENES28,7,646,1
SCENES48,3,646,1
SCENES6,2,646,1
SCENES12,4,646,2
SCENES2,NA,646,2
SCENES1,NA,646,2
SCENES44,6,646,1
SCENES22,2,646,1
SCENES12,4,646,1
SCENES10,NA,646,2
SCENES25,NA,646,2
SCENES1,3,646,1
SCENES20,NA,646,2
SCENES43,4,646,2
SCENES37,4,646,1
SCENES21,4,646,1
SCENES18,3,646,1
SCENES14,NA,646,2
SCENES11,3,646,1
SCENES36,5,646,1
SCENES20,3,646,1
SCENES6,2,646,2
SCENES14,5,646,1
SCENES26,1,646,1
SCENES28,NA,646,2
SCENES21,4,646,2
SCENES13,5,646,1
SCENES26,NA,646,2
SCENES7,4,646,1
SCENES25,1,646,1
SCENES8,5,646,1
SCENES22,NA,646,2
SCENES40,NA,646,2
SCENES44,NA,646,2
SCENES41,3,646,1
SCENES36,5,646,2
SCENES8,NA,646,2
SCENES39,1,646,1
SCENES37,3,664,1
SCENES11,2,664,1
SCENES41,1,664,1
SCENES37,NA,664,2
SCENES11,NA,664,2
SCENES20,NA,664,2
SCENES12,3,664,2
SCENES5,NA,664,2
SCENES26,NA,664,2
SCENES5,5,664,1
SCENES21,3,664,2
SCENES43,2,664,2
SCENES23,2,664,1
SCENES48,NA,664,2
SCENES1,3,664,1
SCENES9,2,664,1
SCENES21,2,664,1
SCENES14,4,664,1
SCENES8,2,664,1
SCENES22,NA,664,2
SCENES48,1,664,1
SCENES36,2,664,2
SCENES18,1,664,2
SCENES6,2,664,1
SCENES20,2,664,1
SCENES12,3,664,1
SCENES49,1,664,1
SCENES7,3,664,1
SCENES25,NA,664,2
SCENES22,1,664,1
SCENES14,NA,664,2
SCENES10,5,664,1
SCENES28,6,664,1
SCENES39,1,664,2
SCENES9,2,664,2
SCENES25,2,664,1
SCENES1,NA,664,2
SCENES13,3,664,1
SCENES26,2,664,1
SCENES39,1,664,1
SCENES2,2,664,1
SCENES2,NA,664,2
SCENES41,NA,664,2
SCENES43,2,664,1
SCENES6,1,664,2
SCENES13,NA,664,2
SCENES10,NA,664,2
SCENES46,7,664,1
SCENES44,NA,664,2
SCENES46,NA,664,2
SCENES44,7,664,1
SCENES28,NA,664,2
SCENES49,NA,664,2
SCENES23,NA,664,2
SCENES36,2,664,1
SCENES7,NA,664,2
SCENES40,4,664,1
SCENES8,NA,664,2
SCENES18,1,664,1
SCENES40,NA,664,2
SCENES10,5,665,1
SCENES13,NA,665,2
SCENES7,4,665,1
SCENES13,5,665,1
SCENES23,NA,665,2
SCENES20,5,665,1
SCENES12,4,665,2
SCENES23,4,665,1
SCENES14,5,665,1
SCENES14,NA,665,2
SCENES48,3,665,1
SCENES49,3,665,1
SCENES21,6,665,2
SCENES41,3,665,1
SCENES1,5,665,1
SCENES7,NA,665,2
SCENES43,3,665,1
SCENES18,3,665,2
SCENES37,NA,665,2
SCENES28,NA,665,2
SCENES20,NA,665,2
SCENES5,NA,665,2
SCENES11,4,665,1
SCENES28,4,665,1
SCENES36,3,665,2
SCENES22,4,665,1
SCENES2,3,665,1
SCENES44,6,665,1
SCENES2,NA,665,2
SCENES44,NA,665,2
SCENES11,NA,665,2
SCENES41,NA,665,2
SCENES43,3,665,2
SCENES40,NA,665,2
SCENES36,4,665,1
SCENES1,NA,665,2
SCENES18,4,665,1
SCENES48,NA,665,2
SCENES8,4,665,1
SCENES6,4,665,1
SCENES37,5,665,1
SCENES12,5,665,1
SCENES26,NA,665,2
SCENES39,2,665,2
SCENES6,4,665,2
SCENES10,NA,665,2
SCENES25,NA,665,2
SCENES26,3,665,1
SCENES8,NA,665,2
SCENES49,NA,665,2
SCENES22,NA,665,2
SCENES46,NA,665,2
SCENES5,5,665,1
SCENES39,2,665,1
SCENES46,5,665,1
SCENES9,4,665,2
SCENES25,3,665,1
SCENES40,6,665,1
SCENES9,4,665,1
SCENES21,6,665,1
SCENES5,7,669,1
SCENES6,2,669,2
SCENES12,7,669,2
SCENES40,4,669,1
SCENES14,7,669,1
SCENES25,NA,669,2
SCENES20,3,669,1
SCENES10,5,669,1
SCENES26,1,669,1
SCENES41,1,669,1
SCENES44,5,669,1
SCENES9,3,669,2
SCENES20,NA,669,2
SCENES8,NA,669,2
SCENES1,6,669,1
SCENES44,NA,669,2
SCENES28,7,669,1
SCENES36,1,669,2
SCENES1,NA,669,2
SCENES5,NA,669,2
SCENES21,5,669,2
SCENES10,NA,669,2
SCENES14,NA,669,2
SCENES48,2,669,1
SCENES18,1,669,1
SCENES25,2,669,1
SCENES41,NA,669,2
SCENES46,7,669,1
SCENES43,1,669,2
SCENES22,NA,669,2
SCENES2,3,669,1
SCENES21,6,669,1
SCENES8,7,669,1
SCENES49,NA,669,2
SCENES11,NA,669,2
SCENES46,NA,669,2
SCENES43,1,669,1
SCENES40,NA,669,2
SCENES18,1,669,2
SCENES7,3,669,1
SCENES26,NA,669,2
SCENES28,NA,669,2
SCENES22,1,669,1
SCENES39,1,669,1
SCENES13,NA,669,2
SCENES13,5,669,1
SCENES39,1,669,2
SCENES23,NA,669,2
SCENES12,7,669,1
SCENES11,1,669,1
SCENES9,3,669,1
SCENES2,NA,669,2
SCENES6,3,669,1
SCENES7,NA,669,2
SCENES37,NA,669,2
SCENES36,1,669,1
SCENES37,5,669,1
SCENES23,7,669,1
SCENES48,NA,669,2
SCENES49,1,669,1
SCENES1,NA,676,2
SCENES6,1,676,2
SCENES13,6,676,1
SCENES36,3,676,2
SCENES13,NA,676,2
SCENES21,6,676,1
SCENES22,2,676,1
SCENES20,2,676,1
SCENES21,6,676,2
SCENES25,NA,676,2
SCENES5,NA,676,2
SCENES20,NA,676,2
SCENES23,NA,676,2
SCENES22,NA,676,2
SCENES1,5,676,1
SCENES26,1,676,1
SCENES9,3,676,2
SCENES11,1,676,1
SCENES14,7,676,1
SCENES49,3,676,1
SCENES41,NA,676,2
SCENES25,2,676,1
SCENES5,6,676,1
SCENES6,1,676,1
SCENES28,7,676,1
SCENES18,2,676,2
SCENES48,3,676,1
SCENES18,2,676,1
SCENES37,NA,676,2
SCENES44,NA,676,2
SCENES26,NA,676,2
SCENES11,NA,676,2
SCENES39,1,676,1
SCENES7,NA,676,2
SCENES43,4,676,1
SCENES8,NA,676,2
SCENES2,NA,676,2
SCENES10,NA,676,2
SCENES36,2,676,1
SCENES40,5,676,1
SCENES28,NA,676,2
SCENES43,4,676,2
SCENES46,NA,676,2
SCENES44,5,676,1
SCENES14,NA,676,2
SCENES40,NA,676,2
SCENES37,6,676,1
SCENES48,NA,676,2
SCENES9,4,676,1
SCENES23,4,676,1
SCENES7,3,676,1
SCENES41,3,676,1
SCENES12,3,676,2
SCENES8,4,676,1
SCENES2,1,676,1
SCENES10,1,676,1
SCENES12,3,676,1
SCENES39,1,676,2
SCENES46,6,676,1
SCENES49,NA,676,2
SCENES44,7,69,1
SCENES7,NA,69,2
SCENES46,7,69,1
SCENES18,1,69,2
SCENES9,5,69,1
SCENES20,NA,69,2
SCENES2,NA,69,2
SCENES26,NA,69,2
SCENES14,NA,69,2
SCENES28,NA,69,2
SCENES14,6,69,1
SCENES18,1,69,1
SCENES25,NA,69,2
SCENES20,5,69,1
SCENES11,NA,69,2
SCENES5,NA,69,2
SCENES46,NA,69,2
SCENES9,5,69,2
SCENES10,NA,69,2
SCENES6,1,69,2
SCENES39,1,69,2
SCENES5,7,69,1
SCENES13,NA,69,2
SCENES37,5,69,1
SCENES21,7,69,1
SCENES28,7,69,1
SCENES8,NA,69,2
SCENES12,6,69,1
SCENES2,3,69,1
SCENES37,NA,69,2
SCENES39,1,69,1
SCENES41,NA,69,2
SCENES41,2,69,1
SCENES49,NA,69,2
SCENES25,1,69,1
SCENES8,5,69,1
SCENES23,2,69,1
SCENES22,2,69,1
SCENES40,NA,69,2
SCENES22,NA,69,2
SCENES26,1,69,1
SCENES44,NA,69,2
SCENES49,3,69,1
SCENES11,2,69,1
SCENES1,6,69,1
SCENES13,6,69,1
SCENES40,6,69,1
SCENES43,3,69,2
SCENES36,3,69,2
SCENES6,1,69,1
SCENES43,2,69,1
SCENES23,NA,69,2
SCENES12,6,69,2
SCENES36,2,69,1
SCENES7,4,69,1
SCENES10,5,69,1
SCENES48,NA,69,2
SCENES48,3,69,1
SCENES21,6,69,2
SCENES1,NA,69,2
SCENES23,2,691,1
SCENES12,7,691,2
SCENES40,NA,691,2
SCENES21,7,691,1
SCENES25,1,691,1
SCENES10,3,691,1
SCENES41,NA,691,2
SCENES9,7,691,1
SCENES9,6,691,2
SCENES44,NA,691,2
SCENES1,NA,691,2
SCENES40,6,691,1
SCENES25,NA,691,2
SCENES13,NA,691,2
SCENES43,1,691,2
SCENES14,NA,691,2
SCENES6,1,691,2
SCENES22,NA,691,2
SCENES18,1,691,2
SCENES28,NA,691,2
SCENES48,NA,691,2
SCENES10,NA,691,2
SCENES46,7,691,1
SCENES2,NA,691,2
SCENES36,1,691,1
SCENES8,NA,691,2
SCENES48,1,691,1
SCENES36,1,691,2
SCENES26,1,691,1
SCENES39,1,691,1
SCENES43,1,691,1
SCENES5,6,691,1
SCENES22,1,691,1
SCENES41,1,691,1
SCENES49,NA,691,2
SCENES8,7,691,1
SCENES11,NA,691,2
SCENES39,1,691,2
SCENES28,6,691,1
SCENES21,6,691,2
SCENES23,NA,691,2
SCENES11,1,691,1
SCENES37,5,691,1
SCENES13,5,691,1
SCENES7,4,691,1
SCENES20,3,691,1
SCENES18,1,691,1
SCENES26,NA,691,2
SCENES5,NA,691,2
SCENES14,7,691,1
SCENES6,2,691,1
SCENES49,1,691,1
SCENES1,4,691,1
SCENES44,5,691,1
SCENES37,NA,691,2
SCENES7,NA,691,2
SCENES20,NA,691,2
SCENES46,NA,691,2
SCENES12,5,691,1
SCENES2,1,691,1
SCENES9,6,735,2
SCENES18,1,735,2
SCENES1,6,735,1
SCENES43,2,735,1
SCENES48,NA,735,2
SCENES13,NA,735,2
SCENES10,2,735,1
SCENES11,1,735,1
SCENES48,1,735,1
SCENES5,NA,735,2
SCENES20,NA,735,2
SCENES21,6,735,1
SCENES23,3,735,1
SCENES43,2,735,2
SCENES26,1,735,1
SCENES12,7,735,2
SCENES46,7,735,1
SCENES41,2,735,1
SCENES49,1,735,1
SCENES8,6,735,1
SCENES22,NA,735,2
SCENES10,NA,735,2
SCENES14,6,735,1
SCENES5,5,735,1
SCENES36,2,735,2
SCENES7,NA,735,2
SCENES8,NA,735,2
SCENES6,2,735,2
SCENES6,2,735,1
SCENES2,2,735,1
SCENES22,2,735,1
SCENES28,7,735,1
SCENES39,1,735,2
SCENES25,1,735,1
SCENES18,1,735,1
SCENES7,6,735,1
SCENES40,6,735,1
SCENES13,6,735,1
SCENES25,NA,735,2
SCENES26,NA,735,2
SCENES41,NA,735,2
SCENES11,NA,735,2
SCENES21,6,735,2
SCENES44,NA,735,2
SCENES23,NA,735,2
SCENES1,NA,735,2
SCENES46,NA,735,2
SCENES28,NA,735,2
SCENES39,1,735,1
SCENES37,NA,735,2
SCENES20,2,735,1
SCENES36,2,735,1
SCENES37,5,735,1
SCENES49,NA,735,2
SCENES2,NA,735,2
SCENES44,5,735,1
SCENES9,6,735,1
SCENES14,NA,735,2
SCENES40,NA,735,2
SCENES12,7,735,1
SCENES41,NA,772,2
SCENES12,7,772,1
SCENES9,6,772,2
SCENES26,2,772,1
SCENES11,3,772,1
SCENES1,NA,772,2
SCENES26,NA,772,2
SCENES48,NA,772,2
SCENES5,NA,772,2
SCENES21,5,772,1
SCENES18,2,772,1
SCENES37,NA,772,2
SCENES49,NA,772,2
SCENES14,NA,772,2
SCENES2,NA,772,2
SCENES37,6,772,1
SCENES9,5,772,1
SCENES44,7,772,1
SCENES39,2,772,2
SCENES1,5,772,1
SCENES43,4,772,2
SCENES22,NA,772,2
SCENES14,7,772,1
SCENES40,6,772,1
SCENES46,7,772,1
SCENES40,NA,772,2
SCENES10,NA,772,2
SCENES22,1,772,1
SCENES23,1,772,1
SCENES20,NA,772,2
SCENES7,5,772,1
SCENES6,1,772,1
SCENES23,NA,772,2
SCENES8,5,772,1
SCENES39,2,772,1
SCENES46,NA,772,2
SCENES18,2,772,2
SCENES25,NA,772,2
SCENES6,2,772,2
SCENES49,2,772,1
SCENES36,2,772,2
SCENES11,NA,772,2
SCENES28,NA,772,2
SCENES41,2,772,1
SCENES8,NA,772,2
SCENES12,7,772,2
SCENES43,4,772,1
SCENES13,6,772,1
SCENES13,NA,772,2
SCENES28,7,772,1
SCENES5,7,772,1
SCENES20,2,772,1
SCENES44,NA,772,2
SCENES25,1,772,1
SCENES36,3,772,1
SCENES48,2,772,1
SCENES7,NA,772,2
SCENES10,7,772,1
SCENES2,2,772,1
SCENES21,6,772,2
SCENES46,7,78,1
SCENES49,1,78,1
SCENES39,1,78,2
SCENES5,NA,78,2
SCENES46,NA,78,2
SCENES13,NA,78,2
SCENES44,7,78,1
SCENES2,NA,78,2
SCENES43,4,78,2
SCENES9,5,78,1
SCENES48,2,78,1
SCENES11,1,78,1
SCENES18,1,78,2
SCENES22,NA,78,2
SCENES1,4,78,1
SCENES21,5,78,1
SCENES37,NA,78,2
SCENES23,NA,78,2
SCENES40,5,78,1
SCENES1,NA,78,2
SCENES25,1,78,1
SCENES28,7,78,1
SCENES5,6,78,1
SCENES26,1,78,1
SCENES13,6,78,1
SCENES12,7,78,2
SCENES44,NA,78,2
SCENES18,1,78,1
SCENES22,1,78,1
SCENES8,6,78,1
SCENES2,1,78,1
SCENES43,4,78,1
SCENES20,NA,78,2
SCENES48,NA,78,2
SCENES7,NA,78,2
SCENES9,3,78,2
SCENES7,1,78,1
SCENES49,NA,78,2
SCENES6,1,78,1
SCENES14,NA,78,2
SCENES41,NA,78,2
SCENES37,6,78,1
SCENES10,7,78,1
SCENES21,3,78,2
SCENES36,1,78,1
SCENES40,NA,78,2
SCENES39,1,78,1
SCENES11,NA,78,2
SCENES23,2,78,1
SCENES41,1,78,1
SCENES25,NA,78,2
SCENES28,NA,78,2
SCENES26,NA,78,2
SCENES8,NA,78,2
SCENES12,7,78,1
SCENES36,1,78,2
SCENES14,7,78,1
SCENES10,NA,78,2
SCENES6,1,78,2
SCENES20,4,78,1
SCENES8,6,79,1
SCENES26,NA,79,2
SCENES8,NA,79,2
SCENES26,2,79,1
SCENES28,6,79,1
SCENES39,2,79,2
SCENES9,5,79,1
SCENES48,NA,79,2
SCENES43,3,79,2
SCENES48,5,79,1
SCENES18,1,79,1
SCENES43,2,79,1
SCENES22,NA,79,2
SCENES49,NA,79,2
SCENES46,7,79,1
SCENES23,NA,79,2
SCENES22,2,79,1
SCENES46,NA,79,2
SCENES14,NA,79,2
SCENES14,7,79,1
SCENES10,6,79,1
SCENES5,6,79,1
SCENES13,7,79,1
SCENES9,5,79,2
SCENES20,NA,79,2
SCENES25,1,79,1
SCENES37,NA,79,2
SCENES7,NA,79,2
SCENES37,5,79,1
SCENES12,6,79,2
SCENES23,3,79,1
SCENES28,NA,79,2
SCENES39,1,79,1
SCENES7,4,79,1
SCENES21,5,79,2
SCENES1,NA,79,2
SCENES41,2,79,1
SCENES1,6,79,1
SCENES11,NA,79,2
SCENES13,NA,79,2
SCENES21,5,79,1
SCENES6,2,79,1
SCENES36,4,79,2
SCENES44,NA,79,2
SCENES36,3,79,1
SCENES18,2,79,2
SCENES11,2,79,1
SCENES20,2,79,1
SCENES40,NA,79,2
SCENES41,NA,79,2
SCENES40,5,79,1
SCENES12,7,79,1
SCENES2,3,79,1
SCENES25,NA,79,2
SCENES6,2,79,2
SCENES49,4,79,1
SCENES5,NA,79,2
SCENES10,NA,79,2
SCENES2,NA,79,2
SCENES44,5,79,1
SCENES22,4,86,1
SCENES1,6,86,1
SCENES23,4,86,1
SCENES48,4,86,1
SCENES39,2,86,1
SCENES36,2,86,2
SCENES12,6,86,1
SCENES9,6,86,1
SCENES43,2,86,1
SCENES10,NA,86,2
SCENES25,NA,86,2
SCENES5,5,86,1
SCENES10,4,86,1
SCENES13,5,86,1
SCENES2,NA,86,2
SCENES25,2,86,1
SCENES7,5,86,1
SCENES18,4,86,2
SCENES46,NA,86,2
SCENES46,7,86,1
SCENES49,NA,86,2
SCENES43,2,86,2
SCENES21,7,86,1
SCENES28,NA,86,2
SCENES14,NA,86,2
SCENES26,NA,86,2
SCENES6,2,86,2
SCENES26,1,86,1
SCENES36,2,86,1
SCENES11,NA,86,2
SCENES37,NA,86,2
SCENES12,6,86,2
SCENES23,NA,86,2
SCENES6,2,86,1
SCENES13,NA,86,2
SCENES20,NA,86,2
SCENES28,6,86,1
SCENES2,3,86,1
SCENES21,7,86,2
SCENES9,5,86,2
SCENES8,NA,86,2
SCENES14,6,86,1
SCENES8,6,86,1
SCENES7,NA,86,2
SCENES20,4,86,1
SCENES37,6,86,1
SCENES40,NA,86,2
SCENES44,6,86,1
SCENES40,6,86,1
SCENES41,NA,86,2
SCENES39,2,86,2
SCENES11,4,86,1
SCENES1,NA,86,2
SCENES22,NA,86,2
SCENES49,4,86,1
SCENES48,NA,86,2
SCENES41,4,86,1
SCENES44,NA,86,2
SCENES18,4,86,1
SCENES5,NA,86,2
SCENES49,NA,88,2
SCENES40,5,88,1
SCENES7,3,88,1
SCENES48,NA,88,2
SCENES39,2,88,1
SCENES23,4,88,1
SCENES12,7,88,1
SCENES26,1,88,1
SCENES25,2,88,1
SCENES20,3,88,1
SCENES6,2,88,1
SCENES22,NA,88,2
SCENES14,NA,88,2
SCENES22,1,88,1
SCENES44,5,88,1
SCENES48,3,88,1
SCENES13,6,88,1
SCENES26,NA,88,2
SCENES12,6,88,2
SCENES9,5,88,1
SCENES20,NA,88,2
SCENES13,NA,88,2
SCENES8,4,88,1
SCENES46,7,88,1
SCENES21,5,88,2
SCENES41,2,88,1
SCENES11,2,88,1
SCENES9,5,88,2
SCENES25,NA,88,2
SCENES8,NA,88,2
SCENES18,2,88,1
SCENES23,NA,88,2
SCENES21,6,88,1
SCENES49,3,88,1
SCENES37,4,88,1
SCENES46,NA,88,2
SCENES5,7,88,1
SCENES6,2,88,2
SCENES14,7,88,1
SCENES10,5,88,1
SCENES43,2,88,2
SCENES28,5,88,1
SCENES41,NA,88,2
SCENES39,2,88,2
SCENES37,NA,88,2
SCENES1,4,88,1
SCENES7,NA,88,2
SCENES2,NA,88,2
SCENES5,NA,88,2
SCENES36,3,88,2
SCENES43,2,88,1
SCENES11,NA,88,2
SCENES10,NA,88,2
SCENES44,NA,88,2
SCENES36,3,88,1
SCENES40,NA,88,2
SCENES2,3,88,1
SCENES1,NA,88,2
SCENES18,1,88,2
SCENES28,NA,88,2
SCENES10,3,93,1
SCENES10,NA,93,2
SCENES37,4,93,1
SCENES6,1,93,2
SCENES28,NA,93,2
SCENES41,NA,93,2
SCENES11,NA,93,2
SCENES6,1,93,1
SCENES26,1,93,1
SCENES9,5,93,2
SCENES13,NA,93,2
SCENES13,6,93,1
SCENES48,NA,93,2
SCENES20,1,93,1
SCENES25,1,93,1
SCENES44,NA,93,2
SCENES41,1,93,1
SCENES39,1,93,2
SCENES36,1,93,1
SCENES21,4,93,2
SCENES44,5,93,1
SCENES26,NA,93,2
SCENES43,1,93,1
SCENES37,NA,93,2
SCENES28,3,93,1
SCENES49,1,93,1
SCENES2,1,93,1
SCENES21,5,93,1
SCENES43,1,93,2
SCENES12,1,93,1
SCENES23,1,93,1
SCENES39,1,93,1
SCENES48,1,93,1
SCENES8,2,93,1
SCENES9,5,93,1
SCENES40,4,93,1
SCENES23,NA,93,2
SCENES22,1,93,1
SCENES7,NA,93,2
SCENES36,1,93,2
SCENES22,NA,93,2
SCENES46,NA,93,2
SCENES49,NA,93,2
SCENES5,5,93,1
SCENES20,NA,93,2
SCENES1,5,93,1
SCENES12,1,93,2
SCENES2,NA,93,2
SCENES11,1,93,1
SCENES7,1,93,1
SCENES18,1,93,1
SCENES8,NA,93,2
SCENES25,NA,93,2
SCENES1,NA,93,2
SCENES40,NA,93,2
SCENES14,NA,93,2
SCENES14,6,93,1
SCENES5,NA,93,2
SCENES46,2,93,1
SCENES18,1,93,2
SCENES22,3,95,1
SCENES40,NA,95,2
SCENES9,6,95,2
SCENES6,2,95,2
SCENES28,NA,95,2
SCENES36,2,95,1
SCENES43,2,95,1
SCENES46,NA,95,2
SCENES13,7,95,1
SCENES43,3,95,2
SCENES5,NA,95,2
SCENES39,3,95,2
SCENES7,NA,95,2
SCENES13,NA,95,2
SCENES10,NA,95,2
SCENES10,6,95,1
SCENES9,6,95,1
SCENES49,3,95,1
SCENES11,NA,95,2
SCENES25,NA,95,2
SCENES12,7,95,1
SCENES41,NA,95,2
SCENES6,3,95,1
SCENES44,NA,95,2
SCENES48,4,95,1
SCENES44,5,95,1
SCENES26,NA,95,2
SCENES36,3,95,2
SCENES26,2,95,1
SCENES46,6,95,1
SCENES48,NA,95,2
SCENES21,7,95,2
SCENES23,NA,95,2
SCENES25,2,95,1
SCENES5,7,95,1
SCENES20,NA,95,2
SCENES49,NA,95,2
SCENES8,NA,95,2
SCENES40,5,95,1
SCENES14,NA,95,2
SCENES23,4,95,1
SCENES22,NA,95,2
SCENES2,3,95,1
SCENES39,2,95,1
SCENES18,3,95,2
SCENES41,3,95,1
SCENES1,NA,95,2
SCENES2,NA,95,2
SCENES12,7,95,2
SCENES14,7,95,1
SCENES11,4,95,1
SCENES7,5,95,1
SCENES28,6,95,1
SCENES37,6,95,1
SCENES21,7,95,1
SCENES37,NA,95,2
SCENES1,5,95,1
SCENES20,7,95,1
SCENES8,6,95,1
SCENES18,3,95,1
